User_ID,Purchased_Coverage_Bundle
USR_060868,2
USR_060869,2
USR_060870,2
USR_060871,2
USR_060872,2
USR_060873,4
USR_060874,2
USR_060875,2
USR_060876,2
USR_060877,2
USR_060878,2
USR_060879,1
USR_060880,2
USR_060881,2
USR_060882,2
USR_060883,2
USR_060884,2
USR_060885,2
USR_060886,2
USR_060887,4
USR_060888,2
USR_060889,2
USR_060890,2
USR_060891,4
USR_060892,2
USR_060893,2
USR_060894,2
USR_060895,2
USR_060896,2
USR_060897,2
USR_060898,2
USR_060899,2
USR_060900,2
USR_060901,1
USR_060902,2
USR_060903,2
USR_060904,3
USR_060905,2
USR_060906,3
USR_060907,4
USR_060908,3
USR_060909,4
USR_060910,3
USR_060911,2
USR_060912,2
USR_060913,2
USR_060914,2
USR_060915,2
USR_060916,1
USR_060917,2
USR_060918,2
USR_060919,2
USR_060920,2
USR_060921,2
USR_060922,2
USR_060923,2
USR_060924,2
USR_060925,5
USR_060926,2
USR_060927,2
USR_060928,1
USR_060929,7
USR_060930,2
USR_060931,2
USR_060932,3
USR_060933,1
USR_060934,2
USR_060935,2
USR_060936,2
USR_060937,2
USR_060938,2
USR_060939,2
USR_060940,2
USR_060941,2
USR_060942,2
USR_060943,2
USR_060944,1
USR_060945,2
USR_060946,2
USR_060947,2
USR_060948,2
USR_060949,2
USR_060950,2
USR_060951,4
USR_060952,2
USR_060953,4
USR_060954,2
USR_060955,2
USR_060956,2
USR_060957,3
USR_060958,2
USR_060959,2
USR_060960,2
USR_060961,2
USR_060962,2
USR_060963,4
USR_060964,2
USR_060965,7
USR_060966,2
USR_060967,2
USR_060968,2
USR_060969,2
USR_060970,2
USR_060971,2
USR_060972,2
USR_060973,2
USR_060974,2
USR_060975,2
USR_060976,2
USR_060977,2
USR_060978,4
USR_060979,2
USR_060980,4
USR_060981,2
USR_060982,2
USR_060983,2
USR_060984,4
USR_060985,2
USR_060986,2
USR_060987,2
USR_060988,2
USR_060989,2
USR_060990,2
USR_060991,1
USR_060992,2
USR_060993,4
USR_060994,4
USR_060995,2
USR_060996,2
USR_060997,7
USR_060998,2
USR_060999,2
USR_061000,2
USR_061001,7
USR_061002,2
USR_061003,2
USR_061004,3
USR_061005,4
USR_061006,7
USR_061007,2
USR_061008,2
USR_061009,2
USR_061010,2
USR_061011,2
USR_061012,4
USR_061013,7
USR_061014,2
USR_061015,2
USR_061016,4
USR_061017,2
USR_061018,6
USR_061019,2
USR_061020,2
USR_061021,2
USR_061022,2
USR_061023,2
USR_061024,2
USR_061025,2
USR_061026,2
USR_061027,2
USR_061028,4
USR_061029,2
USR_061030,2
USR_061031,2
USR_061032,2
USR_061033,2
USR_061034,2
USR_061035,2
USR_061036,2
USR_061037,2
USR_061038,3
USR_061039,2
USR_061040,2
USR_061041,2
USR_061042,2
USR_061043,2
USR_061044,2
USR_061045,2
USR_061046,2
USR_061047,2
USR_061048,2
USR_061049,3
USR_061050,2
USR_061051,4
USR_061052,2
USR_061053,4
USR_061054,4
USR_061055,2
USR_061056,6
USR_061057,2
USR_061058,2
USR_061059,2
USR_061060,6
USR_061061,2
USR_061062,7
USR_061063,2
USR_061064,2
USR_061065,2
USR_061066,2
USR_061067,2
USR_061068,4
USR_061069,2
USR_061070,2
USR_061071,2
USR_061072,2
USR_061073,1
USR_061074,4
USR_061075,2
USR_061076,2
USR_061077,2
USR_061078,2
USR_061079,4
USR_061080,4
USR_061081,2
USR_061082,2
USR_061083,2
USR_061084,2
USR_061085,2
USR_061086,2
USR_061087,2
USR_061088,3
USR_061089,2
USR_061090,4
USR_061091,3
USR_061092,2
USR_061093,1
USR_061094,2
USR_061095,4
USR_061096,2
USR_061097,2
USR_061098,2
USR_061099,2
USR_061100,2
USR_061101,2
USR_061102,2
USR_061103,3
USR_061104,7
USR_061105,2
USR_061106,2
USR_061107,2
USR_061108,2
USR_061109,4
USR_061110,2
USR_061111,2
USR_061112,2
USR_061113,2
USR_061114,2
USR_061115,3
USR_061116,2
USR_061117,2
USR_061118,2
USR_061119,2
USR_061120,2
USR_061121,2
USR_061122,2
USR_061123,4
USR_061124,2
USR_061125,4
USR_061126,2
USR_061127,4
USR_061128,4
USR_061129,2
USR_061130,2
USR_061131,1
USR_061132,2
USR_061133,4
USR_061134,7
USR_061135,2
USR_061136,4
USR_061137,2
USR_061138,2
USR_061139,4
USR_061140,2
USR_061141,2
USR_061142,4
USR_061143,2
USR_061144,2
USR_061145,2
USR_061146,4
USR_061147,2
USR_061148,2
USR_061149,2
USR_061150,4
USR_061151,3
USR_061152,2
USR_061153,2
USR_061154,2
USR_061155,2
USR_061156,4
USR_061157,2
USR_061158,2
USR_061159,2
USR_061160,2
USR_061161,2
USR_061162,2
USR_061163,2
USR_061164,4
USR_061165,4
USR_061166,1
USR_061167,2
USR_061168,7
USR_061169,2
USR_061170,2
USR_061171,2
USR_061172,6
USR_061173,2
USR_061174,2
USR_061175,2
USR_061176,2
USR_061177,2
USR_061178,7
USR_061179,2
USR_061180,2
USR_061181,2
USR_061182,1
USR_061183,2
USR_061184,2
USR_061185,2
USR_061186,2
USR_061187,4
USR_061188,6
USR_061189,2
USR_061190,2
USR_061191,4
USR_061192,2
USR_061193,2
USR_061194,2
USR_061195,2
USR_061196,2
USR_061197,7
USR_061198,2
USR_061199,2
USR_061200,4
USR_061201,2
USR_061202,7
USR_061203,2
USR_061204,7
USR_061205,4
USR_061206,2
USR_061207,2
USR_061208,2
USR_061209,2
USR_061210,2
USR_061211,2
USR_061212,2
USR_061213,7
USR_061214,2
USR_061215,4
USR_061216,2
USR_061217,2
USR_061218,2
USR_061219,2
USR_061220,2
USR_061221,2
USR_061222,2
USR_061223,4
USR_061224,2
USR_061225,4
USR_061226,2
USR_061227,2
USR_061228,2
USR_061229,2
USR_061230,2
USR_061231,7
USR_061232,4
USR_061233,4
USR_061234,2
USR_061235,2
USR_061236,2
USR_061237,2
USR_061238,2
USR_061239,2
USR_061240,2
USR_061241,2
USR_061242,2
USR_061243,2
USR_061244,2
USR_061245,2
USR_061246,7
USR_061247,2
USR_061248,2
USR_061249,4
USR_061250,2
USR_061251,2
USR_061252,2
USR_061253,2
USR_061254,2
USR_061255,2
USR_061256,2
USR_061257,2
USR_061258,2
USR_061259,2
USR_061260,6
USR_061261,1
USR_061262,5
USR_061263,2
USR_061264,4
USR_061265,2
USR_061266,4
USR_061267,2
USR_061268,4
USR_061269,2
USR_061270,2
USR_061271,2
USR_061272,2
USR_061273,4
USR_061274,4
USR_061275,2
USR_061276,2
USR_061277,2
USR_061278,2
USR_061279,2
USR_061280,2
USR_061281,2
USR_061282,2
USR_061283,2
USR_061284,2
USR_061285,2
USR_061286,2
USR_061287,2
USR_061288,2
USR_061289,2
USR_061290,2
USR_061291,2
USR_061292,2
USR_061293,2
USR_061294,2
USR_061295,4
USR_061296,2
USR_061297,2
USR_061298,2
USR_061299,2
USR_061300,2
USR_061301,2
USR_061302,7
USR_061303,2
USR_061304,2
USR_061305,4
USR_061306,2
USR_061307,2
USR_061308,2
USR_061309,4
USR_061310,7
USR_061311,2
USR_061312,2
USR_061313,2
USR_061314,2
USR_061315,2
USR_061316,2
USR_061317,2
USR_061318,4
USR_061319,2
USR_061320,2
USR_061321,2
USR_061322,2
USR_061323,2
USR_061324,2
USR_061325,2
USR_061326,2
USR_061327,2
USR_061328,2
USR_061329,2
USR_061330,2
USR_061331,2
USR_061332,7
USR_061333,2
USR_061334,3
USR_061335,2
USR_061336,2
USR_061337,2
USR_061338,2
USR_061339,2
USR_061340,2
USR_061341,2
USR_061342,2
USR_061343,4
USR_061344,4
USR_061345,2
USR_061346,2
USR_061347,2
USR_061348,2
USR_061349,3
USR_061350,2
USR_061351,2
USR_061352,2
USR_061353,2
USR_061354,2
USR_061355,3
USR_061356,2
USR_061357,2
USR_061358,4
USR_061359,2
USR_061360,4
USR_061361,2
USR_061362,2
USR_061363,4
USR_061364,1
USR_061365,7
USR_061366,2
USR_061367,4
USR_061368,2
USR_061369,2
USR_061370,2
USR_061371,2
USR_061372,2
USR_061373,2
USR_061374,3
USR_061375,2
USR_061376,2
USR_061377,0
USR_061378,2
USR_061379,2
USR_061380,4
USR_061381,5
USR_061382,2
USR_061383,2
USR_061384,2
USR_061385,2
USR_061386,2
USR_061387,4
USR_061388,2
USR_061389,4
USR_061390,2
USR_061391,2
USR_061392,2
USR_061393,4
USR_061394,0
USR_061395,2
USR_061396,2
USR_061397,2
USR_061398,2
USR_061399,2
USR_061400,2
USR_061401,2
USR_061402,4
USR_061403,2
USR_061404,2
USR_061405,2
USR_061406,2
USR_061407,4
USR_061408,2
USR_061409,2
USR_061410,2
USR_061411,2
USR_061412,2
USR_061413,2
USR_061414,2
USR_061415,2
USR_061416,2
USR_061417,2
USR_061418,4
USR_061419,2
USR_061420,2
USR_061421,2
USR_061422,2
USR_061423,2
USR_061424,1
USR_061425,2
USR_061426,2
USR_061427,2
USR_061428,2
USR_061429,2
USR_061430,2
USR_061431,2
USR_061432,2
USR_061433,2
USR_061434,2
USR_061435,3
USR_061436,2
USR_061437,1
USR_061438,2
USR_061439,2
USR_061440,2
USR_061441,7
USR_061442,2
USR_061443,2
USR_061444,2
USR_061445,2
USR_061446,2
USR_061447,2
USR_061448,2
USR_061449,5
USR_061450,4
USR_061451,2
USR_061452,2
USR_061453,2
USR_061454,2
USR_061455,2
USR_061456,7
USR_061457,2
USR_061458,2
USR_061459,4
USR_061460,2
USR_061461,2
USR_061462,2
USR_061463,2
USR_061464,2
USR_061465,2
USR_061466,4
USR_061467,3
USR_061468,2
USR_061469,2
USR_061470,2
USR_061471,4
USR_061472,4
USR_061473,2
USR_061474,0
USR_061475,4
USR_061476,2
USR_061477,2
USR_061478,2
USR_061479,2
USR_061480,2
USR_061481,2
USR_061482,4
USR_061483,2
USR_061484,2
USR_061485,2
USR_061486,2
USR_061487,4
USR_061488,2
USR_061489,2
USR_061490,2
USR_061491,2
USR_061492,2
USR_061493,4
USR_061494,2
USR_061495,2
USR_061496,2
USR_061497,2
USR_061498,2
USR_061499,3
USR_061500,2
USR_061501,2
USR_061502,2
USR_061503,4
USR_061504,2
USR_061505,2
USR_061506,2
USR_061507,2
USR_061508,2
USR_061509,2
USR_061510,2
USR_061511,2
USR_061512,2
USR_061513,2
USR_061514,2
USR_061515,4
USR_061516,2
USR_061517,4
USR_061518,2
USR_061519,2
USR_061520,2
USR_061521,4
USR_061522,2
USR_061523,2
USR_061524,2
USR_061525,2
USR_061526,3
USR_061527,4
USR_061528,2
USR_061529,4
USR_061530,3
USR_061531,2
USR_061532,2
USR_061533,2
USR_061534,2
USR_061535,2
USR_061536,2
USR_061537,2
USR_061538,7
USR_061539,2
USR_061540,1
USR_061541,2
USR_061542,2
USR_061543,2
USR_061544,2
USR_061545,2
USR_061546,2
USR_061547,2
USR_061548,4
USR_061549,7
USR_061550,2
USR_061551,2
USR_061552,2
USR_061553,2
USR_061554,2
USR_061555,3
USR_061556,2
USR_061557,2
USR_061558,2
USR_061559,2
USR_061560,3
USR_061561,4
USR_061562,2
USR_061563,3
USR_061564,2
USR_061565,2
USR_061566,2
USR_061567,2
USR_061568,4
USR_061569,6
USR_061570,1
USR_061571,2
USR_061572,4
USR_061573,2
USR_061574,2
USR_061575,2
USR_061576,2
USR_061577,2
USR_061578,2
USR_061579,3
USR_061580,2
USR_061581,2
USR_061582,2
USR_061583,2
USR_061584,2
USR_061585,2
USR_061586,2
USR_061587,4
USR_061588,1
USR_061589,2
USR_061590,4
USR_061591,2
USR_061592,3
USR_061593,4
USR_061594,4
USR_061595,7
USR_061596,4
USR_061597,2
USR_061598,2
USR_061599,2
USR_061600,4
USR_061601,2
USR_061602,2
USR_061603,2
USR_061604,2
USR_061605,2
USR_061606,2
USR_061607,3
USR_061608,2
USR_061609,2
USR_061610,2
USR_061611,2
USR_061612,2
USR_061613,2
USR_061614,3
USR_061615,2
USR_061616,2
USR_061617,2
USR_061618,2
USR_061619,4
USR_061620,4
USR_061621,2
USR_061622,2
USR_061623,3
USR_061624,2
USR_061625,2
USR_061626,4
USR_061627,2
USR_061628,2
USR_061629,2
USR_061630,3
USR_061631,2
USR_061632,2
USR_061633,3
USR_061634,2
USR_061635,4
USR_061636,2
USR_061637,2
USR_061638,2
USR_061639,4
USR_061640,2
USR_061641,2
USR_061642,2
USR_061643,2
USR_061644,2
USR_061645,2
USR_061646,4
USR_061647,2
USR_061648,2
USR_061649,2
USR_061650,2
USR_061651,2
USR_061652,2
USR_061653,2
USR_061654,2
USR_061655,2
USR_061656,2
USR_061657,2
USR_061658,2
USR_061659,2
USR_061660,4
USR_061661,2
USR_061662,2
USR_061663,2
USR_061664,2
USR_061665,2
USR_061666,6
USR_061667,7
USR_061668,2
USR_061669,2
USR_061670,2
USR_061671,2
USR_061672,2
USR_061673,2
USR_061674,2
USR_061675,4
USR_061676,2
USR_061677,2
USR_061678,2
USR_061679,2
USR_061680,1
USR_061681,2
USR_061682,2
USR_061683,2
USR_061684,2
USR_061685,3
USR_061686,2
USR_061687,2
USR_061688,7
USR_061689,2
USR_061690,2
USR_061691,2
USR_061692,2
USR_061693,2
USR_061694,4
USR_061695,2
USR_061696,2
USR_061697,2
USR_061698,2
USR_061699,3
USR_061700,2
USR_061701,2
USR_061702,2
USR_061703,2
USR_061704,1
USR_061705,6
USR_061706,2
USR_061707,2
USR_061708,2
USR_061709,2
USR_061710,4
USR_061711,2
USR_061712,2
USR_061713,2
USR_061714,2
USR_061715,2
USR_061716,2
USR_061717,4
USR_061718,2
USR_061719,2
USR_061720,5
USR_061721,2
USR_061722,2
USR_061723,3
USR_061724,2
USR_061725,2
USR_061726,4
USR_061727,2
USR_061728,2
USR_061729,2
USR_061730,4
USR_061731,2
USR_061732,2
USR_061733,2
USR_061734,2
USR_061735,2
USR_061736,2
USR_061737,3
USR_061738,2
USR_061739,2
USR_061740,4
USR_061741,2
USR_061742,2
USR_061743,2
USR_061744,2
USR_061745,2
USR_061746,2
USR_061747,4
USR_061748,4
USR_061749,2
USR_061750,2
USR_061751,2
USR_061752,2
USR_061753,2
USR_061754,2
USR_061755,2
USR_061756,4
USR_061757,7
USR_061758,2
USR_061759,2
USR_061760,2
USR_061761,2
USR_061762,2
USR_061763,2
USR_061764,2
USR_061765,4
USR_061766,2
USR_061767,2
USR_061768,2
USR_061769,4
USR_061770,4
USR_061771,5
USR_061772,2
USR_061773,2
USR_061774,2
USR_061775,2
USR_061776,4
USR_061777,2
USR_061778,2
USR_061779,4
USR_061780,2
USR_061781,2
USR_061782,2
USR_061783,4
USR_061784,2
USR_061785,2
USR_061786,7
USR_061787,2
USR_061788,2
USR_061789,3
USR_061790,2
USR_061791,2
USR_061792,2
USR_061793,2
USR_061794,2
USR_061795,4
USR_061796,2
USR_061797,5
USR_061798,4
USR_061799,4
USR_061800,1
USR_061801,4
USR_061802,4
USR_061803,2
USR_061804,2
USR_061805,3
USR_061806,4
USR_061807,2
USR_061808,2
USR_061809,2
USR_061810,4
USR_061811,2
USR_061812,2
USR_061813,2
USR_061814,2
USR_061815,2
USR_061816,2
USR_061817,4
USR_061818,2
USR_061819,2
USR_061820,2
USR_061821,2
USR_061822,2
USR_061823,3
USR_061824,2
USR_061825,2
USR_061826,2
USR_061827,2
USR_061828,1
USR_061829,4
USR_061830,2
USR_061831,2
USR_061832,2
USR_061833,2
USR_061834,2
USR_061835,2
USR_061836,2
USR_061837,7
USR_061838,2
USR_061839,2
USR_061840,2
USR_061841,2
USR_061842,3
USR_061843,1
USR_061844,2
USR_061845,2
USR_061846,4
USR_061847,7
USR_061848,7
USR_061849,4
USR_061850,4
USR_061851,2
USR_061852,7
USR_061853,4
USR_061854,4
USR_061855,2
USR_061856,7
USR_061857,2
USR_061858,2
USR_061859,2
USR_061860,2
USR_061861,2
USR_061862,2
USR_061863,0
USR_061864,4
USR_061865,4
USR_061866,2
USR_061867,3
USR_061868,3
USR_061869,2
USR_061870,2
USR_061871,2
USR_061872,2
USR_061873,4
USR_061874,3
USR_061875,2
USR_061876,4
USR_061877,2
USR_061878,2
USR_061879,4
USR_061880,2
USR_061881,2
USR_061882,4
USR_061883,2
USR_061884,4
USR_061885,2
USR_061886,2
USR_061887,2
USR_061888,2
USR_061889,2
USR_061890,2
USR_061891,2
USR_061892,3
USR_061893,4
USR_061894,6
USR_061895,4
USR_061896,3
USR_061897,2
USR_061898,2
USR_061899,2
USR_061900,2
USR_061901,4
USR_061902,2
USR_061903,2
USR_061904,2
USR_061905,4
USR_061906,2
USR_061907,2
USR_061908,2
USR_061909,2
USR_061910,2
USR_061911,2
USR_061912,2
USR_061913,2
USR_061914,1
USR_061915,2
USR_061916,2
USR_061917,2
USR_061918,2
USR_061919,2
USR_061920,2
USR_061921,2
USR_061922,2
USR_061923,2
USR_061924,2
USR_061925,2
USR_061926,7
USR_061927,4
USR_061928,2
USR_061929,2
USR_061930,2
USR_061931,3
USR_061932,2
USR_061933,4
USR_061934,2
USR_061935,2
USR_061936,2
USR_061937,2
USR_061938,4
USR_061939,6
USR_061940,2
USR_061941,2
USR_061942,2
USR_061943,2
USR_061944,4
USR_061945,2
USR_061946,2
USR_061947,2
USR_061948,2
USR_061949,2
USR_061950,4
USR_061951,2
USR_061952,2
USR_061953,2
USR_061954,2
USR_061955,7
USR_061956,7
USR_061957,2
USR_061958,4
USR_061959,2
USR_061960,2
USR_061961,4
USR_061962,2
USR_061963,2
USR_061964,2
USR_061965,2
USR_061966,2
USR_061967,2
USR_061968,2
USR_061969,2
USR_061970,2
USR_061971,3
USR_061972,4
USR_061973,4
USR_061974,2
USR_061975,2
USR_061976,6
USR_061977,2
USR_061978,7
USR_061979,4
USR_061980,1
USR_061981,2
USR_061982,2
USR_061983,2
USR_061984,4
USR_061985,2
USR_061986,4
USR_061987,2
USR_061988,2
USR_061989,2
USR_061990,2
USR_061991,2
USR_061992,2
USR_061993,2
USR_061994,2
USR_061995,2
USR_061996,2
USR_061997,2
USR_061998,2
USR_061999,2
USR_062000,2
USR_062001,2
USR_062002,2
USR_062003,2
USR_062004,2
USR_062005,2
USR_062006,2
USR_062007,2
USR_062008,2
USR_062009,4
USR_062010,2
USR_062011,3
USR_062012,2
USR_062013,4
USR_062014,2
USR_062015,2
USR_062016,2
USR_062017,2
USR_062018,2
USR_062019,2
USR_062020,4
USR_062021,2
USR_062022,4
USR_062023,2
USR_062024,4
USR_062025,4
USR_062026,2
USR_062027,3
USR_062028,7
USR_062029,2
USR_062030,3
USR_062031,2
USR_062032,2
USR_062033,2
USR_062034,2
USR_062035,1
USR_062036,2
USR_062037,7
USR_062038,2
USR_062039,4
USR_062040,2
USR_062041,3
USR_062042,2
USR_062043,2
USR_062044,2
USR_062045,2
USR_062046,2
USR_062047,1
USR_062048,2
USR_062049,2
USR_062050,2
USR_062051,2
USR_062052,2
USR_062053,4
USR_062054,2
USR_062055,2
USR_062056,2
USR_062057,2
USR_062058,2
USR_062059,4
USR_062060,2
USR_062061,2
USR_062062,2
USR_062063,4
USR_062064,2
USR_062065,4
USR_062066,2
USR_062067,4
USR_062068,2
USR_062069,2
USR_062070,3
USR_062071,2
USR_062072,2
USR_062073,2
USR_062074,2
USR_062075,4
USR_062076,2
USR_062077,4
USR_062078,2
USR_062079,3
USR_062080,4
USR_062081,2
USR_062082,2
USR_062083,2
USR_062084,2
USR_062085,3
USR_062086,2
USR_062087,2
USR_062088,3
USR_062089,2
USR_062090,4
USR_062091,2
USR_062092,5
USR_062093,2
USR_062094,2
USR_062095,2
USR_062096,2
USR_062097,4
USR_062098,2
USR_062099,2
USR_062100,7
USR_062101,2
USR_062102,2
USR_062103,4
USR_062104,2
USR_062105,2
USR_062106,4
USR_062107,2
USR_062108,3
USR_062109,4
USR_062110,2
USR_062111,3
USR_062112,2
USR_062113,2
USR_062114,2
USR_062115,2
USR_062116,2
USR_062117,2
USR_062118,2
USR_062119,3
USR_062120,2
USR_062121,4
USR_062122,2
USR_062123,2
USR_062124,2
USR_062125,2
USR_062126,2
USR_062127,2
USR_062128,2
USR_062129,4
USR_062130,3
USR_062131,4
USR_062132,4
USR_062133,4
USR_062134,4
USR_062135,2
USR_062136,6
USR_062137,4
USR_062138,2
USR_062139,4
USR_062140,2
USR_062141,2
USR_062142,2
USR_062143,2
USR_062144,2
USR_062145,3
USR_062146,2
USR_062147,2
USR_062148,2
USR_062149,2
USR_062150,7
USR_062151,3
USR_062152,3
USR_062153,2
USR_062154,2
USR_062155,2
USR_062156,2
USR_062157,2
USR_062158,2
USR_062159,2
USR_062160,2
USR_062161,3
USR_062162,2
USR_062163,2
USR_062164,2
USR_062165,2
USR_062166,2
USR_062167,2
USR_062168,2
USR_062169,2
USR_062170,2
USR_062171,2
USR_062172,4
USR_062173,4
USR_062174,4
USR_062175,4
USR_062176,2
USR_062177,2
USR_062178,2
USR_062179,2
USR_062180,2
USR_062181,2
USR_062182,2
USR_062183,2
USR_062184,2
USR_062185,2
USR_062186,2
USR_062187,0
USR_062188,2
USR_062189,2
USR_062190,2
USR_062191,2
USR_062192,2
USR_062193,2
USR_062194,2
USR_062195,4
USR_062196,1
USR_062197,2
USR_062198,2
USR_062199,1
USR_062200,2
USR_062201,4
USR_062202,2
USR_062203,2
USR_062204,2
USR_062205,4
USR_062206,2
USR_062207,2
USR_062208,2
USR_062209,2
USR_062210,2
USR_062211,2
USR_062212,2
USR_062213,2
USR_062214,2
USR_062215,2
USR_062216,2
USR_062217,4
USR_062218,2
USR_062219,2
USR_062220,2
USR_062221,2
USR_062222,2
USR_062223,2
USR_062224,2
USR_062225,2
USR_062226,2
USR_062227,2
USR_062228,4
USR_062229,2
USR_062230,4
USR_062231,2
USR_062232,2
USR_062233,2
USR_062234,3
USR_062235,2
USR_062236,2
USR_062237,2
USR_062238,2
USR_062239,2
USR_062240,2
USR_062241,2
USR_062242,2
USR_062243,3
USR_062244,4
USR_062245,2
USR_062246,6
USR_062247,2
USR_062248,2
USR_062249,2
USR_062250,2
USR_062251,2
USR_062252,2
USR_062253,2
USR_062254,1
USR_062255,2
USR_062256,2
USR_062257,4
USR_062258,2
USR_062259,2
USR_062260,2
USR_062261,2
USR_062262,4
USR_062263,4
USR_062264,2
USR_062265,2
USR_062266,2
USR_062267,2
USR_062268,2
USR_062269,2
USR_062270,2
USR_062271,2
USR_062272,2
USR_062273,3
USR_062274,2
USR_062275,2
USR_062276,2
USR_062277,1
USR_062278,2
USR_062279,2
USR_062280,2
USR_062281,2
USR_062282,7
USR_062283,2
USR_062284,6
USR_062285,2
USR_062286,4
USR_062287,2
USR_062288,2
USR_062289,4
USR_062290,4
USR_062291,2
USR_062292,4
USR_062293,4
USR_062294,2
USR_062295,2
USR_062296,2
USR_062297,2
USR_062298,2
USR_062299,7
USR_062300,2
USR_062301,2
USR_062302,2
USR_062303,2
USR_062304,4
USR_062305,4
USR_062306,2
USR_062307,4
USR_062308,2
USR_062309,2
USR_062310,2
USR_062311,2
USR_062312,2
USR_062313,4
USR_062314,2
USR_062315,2
USR_062316,2
USR_062317,2
USR_062318,2
USR_062319,2
USR_062320,2
USR_062321,2
USR_062322,2
USR_062323,2
USR_062324,2
USR_062325,2
USR_062326,2
USR_062327,4
USR_062328,2
USR_062329,6
USR_062330,2
USR_062331,2
USR_062332,2
USR_062333,2
USR_062334,2
USR_062335,2
USR_062336,2
USR_062337,2
USR_062338,2
USR_062339,2
USR_062340,2
USR_062341,3
USR_062342,2
USR_062343,2
USR_062344,4
USR_062345,1
USR_062346,2
USR_062347,2
USR_062348,2
USR_062349,2
USR_062350,2
USR_062351,2
USR_062352,3
USR_062353,2
USR_062354,2
USR_062355,4
USR_062356,2
USR_062357,2
USR_062358,2
USR_062359,2
USR_062360,2
USR_062361,2
USR_062362,2
USR_062363,2
USR_062364,2
USR_062365,4
USR_062366,2
USR_062367,2
USR_062368,2
USR_062369,2
USR_062370,2
USR_062371,2
USR_062372,2
USR_062373,2
USR_062374,2
USR_062375,2
USR_062376,4
USR_062377,2
USR_062378,4
USR_062379,2
USR_062380,2
USR_062381,2
USR_062382,2
USR_062383,2
USR_062384,2
USR_062385,2
USR_062386,2
USR_062387,2
USR_062388,4
USR_062389,2
USR_062390,6
USR_062391,2
USR_062392,2
USR_062393,2
USR_062394,4
USR_062395,2
USR_062396,2
USR_062397,2
USR_062398,4
USR_062399,2
USR_062400,2
USR_062401,2
USR_062402,2
USR_062403,2
USR_062404,7
USR_062405,2
USR_062406,2
USR_062407,2
USR_062408,2
USR_062409,2
USR_062410,4
USR_062411,2
USR_062412,2
USR_062413,2
USR_062414,2
USR_062415,2
USR_062416,7
USR_062417,2
USR_062418,2
USR_062419,2
USR_062420,2
USR_062421,2
USR_062422,2
USR_062423,4
USR_062424,2
USR_062425,2
USR_062426,2
USR_062427,4
USR_062428,2
USR_062429,2
USR_062430,4
USR_062431,2
USR_062432,2
USR_062433,2
USR_062434,4
USR_062435,7
USR_062436,2
USR_062437,2
USR_062438,2
USR_062439,2
USR_062440,4
USR_062441,2
USR_062442,4
USR_062443,1
USR_062444,3
USR_062445,2
USR_062446,4
USR_062447,2
USR_062448,6
USR_062449,2
USR_062450,2
USR_062451,2
USR_062452,2
USR_062453,4
USR_062454,4
USR_062455,2
USR_062456,4
USR_062457,4
USR_062458,2
USR_062459,2
USR_062460,2
USR_062461,2
USR_062462,2
USR_062463,2
USR_062464,2
USR_062465,2
USR_062466,2
USR_062467,2
USR_062468,2
USR_062469,6
USR_062470,7
USR_062471,2
USR_062472,2
USR_062473,4
USR_062474,2
USR_062475,4
USR_062476,2
USR_062477,2
USR_062478,3
USR_062479,4
USR_062480,2
USR_062481,2
USR_062482,2
USR_062483,2
USR_062484,7
USR_062485,2
USR_062486,2
USR_062487,2
USR_062488,2
USR_062489,2
USR_062490,2
USR_062491,2
USR_062492,7
USR_062493,2
USR_062494,2
USR_062495,2
USR_062496,2
USR_062497,2
USR_062498,2
USR_062499,2
USR_062500,2
USR_062501,2
USR_062502,2
USR_062503,7
USR_062504,6
USR_062505,2
USR_062506,4
USR_062507,2
USR_062508,4
USR_062509,2
USR_062510,4
USR_062511,2
USR_062512,2
USR_062513,3
USR_062514,2
USR_062515,2
USR_062516,2
USR_062517,2
USR_062518,2
USR_062519,4
USR_062520,2
USR_062521,3
USR_062522,2
USR_062523,4
USR_062524,2
USR_062525,4
USR_062526,4
USR_062527,2
USR_062528,2
USR_062529,4
USR_062530,2
USR_062531,2
USR_062532,2
USR_062533,2
USR_062534,4
USR_062535,2
USR_062536,2
USR_062537,4
USR_062538,2
USR_062539,2
USR_062540,2
USR_062541,2
USR_062542,2
USR_062543,2
USR_062544,2
USR_062545,2
USR_062546,4
USR_062547,2
USR_062548,2
USR_062549,2
USR_062550,2
USR_062551,2
USR_062552,2
USR_062553,4
USR_062554,4
USR_062555,3
USR_062556,6
USR_062557,2
USR_062558,2
USR_062559,2
USR_062560,4
USR_062561,2
USR_062562,3
USR_062563,2
USR_062564,2
USR_062565,2
USR_062566,2
USR_062567,2
USR_062568,2
USR_062569,2
USR_062570,2
USR_062571,2
USR_062572,7
USR_062573,2
USR_062574,2
USR_062575,2
USR_062576,2
USR_062577,2
USR_062578,2
USR_062579,7
USR_062580,2
USR_062581,2
USR_062582,2
USR_062583,2
USR_062584,2
USR_062585,4
USR_062586,2
USR_062587,3
USR_062588,2
USR_062589,2
USR_062590,2
USR_062591,2
USR_062592,4
USR_062593,4
USR_062594,3
USR_062595,2
USR_062596,4
USR_062597,2
USR_062598,1
USR_062599,7
USR_062600,1
USR_062601,2
USR_062602,2
USR_062603,2
USR_062604,4
USR_062605,2
USR_062606,2
USR_062607,2
USR_062608,2
USR_062609,2
USR_062610,2
USR_062611,4
USR_062612,2
USR_062613,2
USR_062614,2
USR_062615,2
USR_062616,4
USR_062617,2
USR_062618,4
USR_062619,2
USR_062620,3
USR_062621,2
USR_062622,4
USR_062623,4
USR_062624,2
USR_062625,7
USR_062626,2
USR_062627,2
USR_062628,2
USR_062629,4
USR_062630,3
USR_062631,2
USR_062632,2
USR_062633,2
USR_062634,1
USR_062635,2
USR_062636,2
USR_062637,2
USR_062638,2
USR_062639,3
USR_062640,2
USR_062641,4
USR_062642,2
USR_062643,2
USR_062644,2
USR_062645,3
USR_062646,2
USR_062647,4
USR_062648,1
USR_062649,4
USR_062650,2
USR_062651,2
USR_062652,2
USR_062653,3
USR_062654,2
USR_062655,3
USR_062656,2
USR_062657,4
USR_062658,2
USR_062659,2
USR_062660,4
USR_062661,2
USR_062662,4
USR_062663,2
USR_062664,2
USR_062665,2
USR_062666,2
USR_062667,2
USR_062668,4
USR_062669,2
USR_062670,2
USR_062671,2
USR_062672,2
USR_062673,2
USR_062674,2
USR_062675,2
USR_062676,2
USR_062677,2
USR_062678,2
USR_062679,0
USR_062680,4
USR_062681,1
USR_062682,2
USR_062683,2
USR_062684,4
USR_062685,4
USR_062686,2
USR_062687,2
USR_062688,1
USR_062689,4
USR_062690,2
USR_062691,4
USR_062692,6
USR_062693,2
USR_062694,2
USR_062695,2
USR_062696,1
USR_062697,2
USR_062698,2
USR_062699,2
USR_062700,2
USR_062701,2
USR_062702,2
USR_062703,2
USR_062704,1
USR_062705,2
USR_062706,2
USR_062707,2
USR_062708,2
USR_062709,4
USR_062710,2
USR_062711,1
USR_062712,2
USR_062713,4
USR_062714,2
USR_062715,2
USR_062716,4
USR_062717,2
USR_062718,2
USR_062719,2
USR_062720,2
USR_062721,2
USR_062722,3
USR_062723,4
USR_062724,2
USR_062725,4
USR_062726,1
USR_062727,4
USR_062728,2
USR_062729,7
USR_062730,2
USR_062731,2
USR_062732,1
USR_062733,4
USR_062734,4
USR_062735,2
USR_062736,2
USR_062737,2
USR_062738,2
USR_062739,2
USR_062740,2
USR_062741,2
USR_062742,2
USR_062743,2
USR_062744,2
USR_062745,2
USR_062746,2
USR_062747,2
USR_062748,4
USR_062749,3
USR_062750,2
USR_062751,4
USR_062752,4
USR_062753,2
USR_062754,2
USR_062755,1
USR_062756,2
USR_062757,2
USR_062758,2
USR_062759,7
USR_062760,2
USR_062761,2
USR_062762,4
USR_062763,2
USR_062764,4
USR_062765,2
USR_062766,4
USR_062767,7
USR_062768,2
USR_062769,3
USR_062770,2
USR_062771,2
USR_062772,2
USR_062773,2
USR_062774,2
USR_062775,2
USR_062776,3
USR_062777,2
USR_062778,2
USR_062779,4
USR_062780,4
USR_062781,2
USR_062782,2
USR_062783,4
USR_062784,2
USR_062785,2
USR_062786,2
USR_062787,2
USR_062788,2
USR_062789,3
USR_062790,2
USR_062791,4
USR_062792,2
USR_062793,4
USR_062794,2
USR_062795,2
USR_062796,2
USR_062797,2
USR_062798,2
USR_062799,2
USR_062800,4
USR_062801,4
USR_062802,2
USR_062803,2
USR_062804,4
USR_062805,2
USR_062806,2
USR_062807,2
USR_062808,7
USR_062809,2
USR_062810,4
USR_062811,2
USR_062812,4
USR_062813,4
USR_062814,2
USR_062815,2
USR_062816,2
USR_062817,2
USR_062818,2
USR_062819,2
USR_062820,2
USR_062821,2
USR_062822,2
USR_062823,2
USR_062824,3
USR_062825,2
USR_062826,3
USR_062827,4
USR_062828,2
USR_062829,4
USR_062830,2
USR_062831,2
USR_062832,4
USR_062833,2
USR_062834,3
USR_062835,2
USR_062836,2
USR_062837,2
USR_062838,2
USR_062839,2
USR_062840,2
USR_062841,4
USR_062842,2
USR_062843,2
USR_062844,6
USR_062845,7
USR_062846,2
USR_062847,4
USR_062848,4
USR_062849,2
USR_062850,2
USR_062851,2
USR_062852,2
USR_062853,2
USR_062854,2
USR_062855,2
USR_062856,2
USR_062857,2
USR_062858,2
USR_062859,7
USR_062860,2
USR_062861,4
USR_062862,2
USR_062863,2
USR_062864,2
USR_062865,2
USR_062866,3
USR_062867,4
USR_062868,2
USR_062869,2
USR_062870,1
USR_062871,2
USR_062872,2
USR_062873,4
USR_062874,2
USR_062875,4
USR_062876,2
USR_062877,2
USR_062878,2
USR_062879,2
USR_062880,4
USR_062881,2
USR_062882,3
USR_062883,4
USR_062884,2
USR_062885,2
USR_062886,3
USR_062887,2
USR_062888,4
USR_062889,2
USR_062890,4
USR_062891,2
USR_062892,4
USR_062893,7
USR_062894,2
USR_062895,2
USR_062896,2
USR_062897,2
USR_062898,2
USR_062899,2
USR_062900,2
USR_062901,7
USR_062902,2
USR_062903,2
USR_062904,1
USR_062905,2
USR_062906,4
USR_062907,4
USR_062908,4
USR_062909,2
USR_062910,2
USR_062911,2
USR_062912,4
USR_062913,2
USR_062914,3
USR_062915,2
USR_062916,2
USR_062917,2
USR_062918,2
USR_062919,2
USR_062920,2
USR_062921,2
USR_062922,2
USR_062923,2
USR_062924,2
USR_062925,2
USR_062926,4
USR_062927,2
USR_062928,4
USR_062929,2
USR_062930,2
USR_062931,2
USR_062932,2
USR_062933,2
USR_062934,2
USR_062935,2
USR_062936,2
USR_062937,2
USR_062938,2
USR_062939,1
USR_062940,2
USR_062941,2
USR_062942,4
USR_062943,1
USR_062944,2
USR_062945,2
USR_062946,2
USR_062947,2
USR_062948,4
USR_062949,4
USR_062950,2
USR_062951,2
USR_062952,2
USR_062953,2
USR_062954,2
USR_062955,4
USR_062956,4
USR_062957,4
USR_062958,2
USR_062959,2
USR_062960,2
USR_062961,2
USR_062962,3
USR_062963,4
USR_062964,2
USR_062965,2
USR_062966,2
USR_062967,2
USR_062968,2
USR_062969,2
USR_062970,2
USR_062971,4
USR_062972,3
USR_062973,2
USR_062974,2
USR_062975,2
USR_062976,2
USR_062977,2
USR_062978,2
USR_062979,7
USR_062980,4
USR_062981,2
USR_062982,2
USR_062983,2
USR_062984,2
USR_062985,2
USR_062986,2
USR_062987,7
USR_062988,4
USR_062989,2
USR_062990,2
USR_062991,1
USR_062992,2
USR_062993,2
USR_062994,2
USR_062995,2
USR_062996,2
USR_062997,5
USR_062998,2
USR_062999,2
USR_063000,1
USR_063001,2
USR_063002,2
USR_063003,2
USR_063004,4
USR_063005,3
USR_063006,2
USR_063007,2
USR_063008,2
USR_063009,2
USR_063010,2
USR_063011,2
USR_063012,4
USR_063013,2
USR_063014,2
USR_063015,2
USR_063016,2
USR_063017,2
USR_063018,7
USR_063019,4
USR_063020,2
USR_063021,2
USR_063022,2
USR_063023,2
USR_063024,4
USR_063025,2
USR_063026,5
USR_063027,4
USR_063028,2
USR_063029,2
USR_063030,2
USR_063031,2
USR_063032,2
USR_063033,2
USR_063034,4
USR_063035,3
USR_063036,4
USR_063037,2
USR_063038,3
USR_063039,2
USR_063040,2
USR_063041,2
USR_063042,2
USR_063043,2
USR_063044,2
USR_063045,4
USR_063046,2
USR_063047,2
USR_063048,2
USR_063049,2
USR_063050,2
USR_063051,2
USR_063052,2
USR_063053,4
USR_063054,4
USR_063055,2
USR_063056,2
USR_063057,2
USR_063058,3
USR_063059,2
USR_063060,2
USR_063061,2
USR_063062,2
USR_063063,2
USR_063064,2
USR_063065,2
USR_063066,2
USR_063067,2
USR_063068,2
USR_063069,2
USR_063070,2
USR_063071,2
USR_063072,2
USR_063073,4
USR_063074,2
USR_063075,3
USR_063076,7
USR_063077,2
USR_063078,4
USR_063079,2
USR_063080,2
USR_063081,2
USR_063082,2
USR_063083,2
USR_063084,2
USR_063085,2
USR_063086,2
USR_063087,3
USR_063088,2
USR_063089,2
USR_063090,4
USR_063091,4
USR_063092,2
USR_063093,2
USR_063094,7
USR_063095,2
USR_063096,2
USR_063097,2
USR_063098,2
USR_063099,2
USR_063100,2
USR_063101,2
USR_063102,4
USR_063103,2
USR_063104,6
USR_063105,2
USR_063106,2
USR_063107,4
USR_063108,4
USR_063109,2
USR_063110,2
USR_063111,4
USR_063112,4
USR_063113,2
USR_063114,2
USR_063115,2
USR_063116,2
USR_063117,2
USR_063118,2
USR_063119,4
USR_063120,2
USR_063121,2
USR_063122,4
USR_063123,4
USR_063124,4
USR_063125,2
USR_063126,3
USR_063127,2
USR_063128,2
USR_063129,2
USR_063130,4
USR_063131,2
USR_063132,2
USR_063133,2
USR_063134,2
USR_063135,2
USR_063136,7
USR_063137,2
USR_063138,2
USR_063139,4
USR_063140,2
USR_063141,2
USR_063142,1
USR_063143,4
USR_063144,2
USR_063145,7
USR_063146,2
USR_063147,2
USR_063148,2
USR_063149,2
USR_063150,4
USR_063151,2
USR_063152,3
USR_063153,2
USR_063154,2
USR_063155,4
USR_063156,4
USR_063157,2
USR_063158,2
USR_063159,4
USR_063160,2
USR_063161,2
USR_063162,4
USR_063163,2
USR_063164,3
USR_063165,2
USR_063166,2
USR_063167,2
USR_063168,2
USR_063169,4
USR_063170,2
USR_063171,7
USR_063172,2
USR_063173,2
USR_063174,2
USR_063175,2
USR_063176,2
USR_063177,2
USR_063178,2
USR_063179,3
USR_063180,2
USR_063181,2
USR_063182,4
USR_063183,2
USR_063184,3
USR_063185,2
USR_063186,4
USR_063187,2
USR_063188,4
USR_063189,7
USR_063190,2
USR_063191,2
USR_063192,4
USR_063193,4
USR_063194,2
USR_063195,2
USR_063196,2
USR_063197,2
USR_063198,2
USR_063199,2
USR_063200,2
USR_063201,2
USR_063202,2
USR_063203,2
USR_063204,4
USR_063205,4
USR_063206,4
USR_063207,2
USR_063208,2
USR_063209,2
USR_063210,2
USR_063211,2
USR_063212,2
USR_063213,2
USR_063214,2
USR_063215,2
USR_063216,2
USR_063217,2
USR_063218,2
USR_063219,3
USR_063220,3
USR_063221,2
USR_063222,2
USR_063223,3
USR_063224,4
USR_063225,2
USR_063226,1
USR_063227,2
USR_063228,2
USR_063229,2
USR_063230,2
USR_063231,2
USR_063232,4
USR_063233,2
USR_063234,2
USR_063235,2
USR_063236,2
USR_063237,2
USR_063238,4
USR_063239,2
USR_063240,2
USR_063241,2
USR_063242,2
USR_063243,2
USR_063244,2
USR_063245,2
USR_063246,5
USR_063247,2
USR_063248,2
USR_063249,2
USR_063250,4
USR_063251,2
USR_063252,3
USR_063253,2
USR_063254,0
USR_063255,2
USR_063256,2
USR_063257,2
USR_063258,4
USR_063259,2
USR_063260,3
USR_063261,2
USR_063262,2
USR_063263,2
USR_063264,2
USR_063265,2
USR_063266,2
USR_063267,2
USR_063268,2
USR_063269,2
USR_063270,2
USR_063271,2
USR_063272,4
USR_063273,1
USR_063274,2
USR_063275,2
USR_063276,2
USR_063277,2
USR_063278,4
USR_063279,2
USR_063280,2
USR_063281,2
USR_063282,4
USR_063283,2
USR_063284,2
USR_063285,2
USR_063286,3
USR_063287,2
USR_063288,2
USR_063289,4
USR_063290,2
USR_063291,2
USR_063292,4
USR_063293,3
USR_063294,7
USR_063295,2
USR_063296,2
USR_063297,2
USR_063298,2
USR_063299,2
USR_063300,2
USR_063301,2
USR_063302,2
USR_063303,2
USR_063304,2
USR_063305,2
USR_063306,2
USR_063307,2
USR_063308,2
USR_063309,2
USR_063310,2
USR_063311,2
USR_063312,2
USR_063313,2
USR_063314,2
USR_063315,2
USR_063316,2
USR_063317,2
USR_063318,4
USR_063319,2
USR_063320,2
USR_063321,2
USR_063322,2
USR_063323,2
USR_063324,2
USR_063325,2
USR_063326,2
USR_063327,2
USR_063328,2
USR_063329,6
USR_063330,2
USR_063331,2
USR_063332,2
USR_063333,2
USR_063334,2
USR_063335,2
USR_063336,4
USR_063337,7
USR_063338,2
USR_063339,2
USR_063340,2
USR_063341,2
USR_063342,2
USR_063343,2
USR_063344,3
USR_063345,2
USR_063346,2
USR_063347,2
USR_063348,1
USR_063349,2
USR_063350,2
USR_063351,2
USR_063352,2
USR_063353,2
USR_063354,2
USR_063355,2
USR_063356,4
USR_063357,2
USR_063358,4
USR_063359,2
USR_063360,4
USR_063361,2
USR_063362,2
USR_063363,4
USR_063364,4
USR_063365,2
USR_063366,2
USR_063367,2
USR_063368,2
USR_063369,4
USR_063370,4
USR_063371,2
USR_063372,2
USR_063373,4
USR_063374,7
USR_063375,2
USR_063376,2
USR_063377,4
USR_063378,2
USR_063379,4
USR_063380,2
USR_063381,2
USR_063382,2
USR_063383,7
USR_063384,2
USR_063385,4
USR_063386,2
USR_063387,2
USR_063388,2
USR_063389,2
USR_063390,1
USR_063391,2
USR_063392,2
USR_063393,4
USR_063394,2
USR_063395,2
USR_063396,2
USR_063397,4
USR_063398,2
USR_063399,2
USR_063400,2
USR_063401,4
USR_063402,2
USR_063403,2
USR_063404,2
USR_063405,2
USR_063406,2
USR_063407,2
USR_063408,4
USR_063409,2
USR_063410,4
USR_063411,4
USR_063412,2
USR_063413,2
USR_063414,2
USR_063415,2
USR_063416,2
USR_063417,2
USR_063418,2
USR_063419,4
USR_063420,4
USR_063421,2
USR_063422,2
USR_063423,4
USR_063424,2
USR_063425,2
USR_063426,2
USR_063427,2
USR_063428,2
USR_063429,4
USR_063430,2
USR_063431,2
USR_063432,2
USR_063433,2
USR_063434,2
USR_063435,3
USR_063436,4
USR_063437,2
USR_063438,2
USR_063439,2
USR_063440,2
USR_063441,2
USR_063442,2
USR_063443,2
USR_063444,2
USR_063445,4
USR_063446,2
USR_063447,2
USR_063448,2
USR_063449,3
USR_063450,2
USR_063451,4
USR_063452,4
USR_063453,2
USR_063454,2
USR_063455,4
USR_063456,2
USR_063457,2
USR_063458,2
USR_063459,2
USR_063460,2
USR_063461,2
USR_063462,2
USR_063463,2
USR_063464,2
USR_063465,2
USR_063466,4
USR_063467,2
USR_063468,2
USR_063469,4
USR_063470,2
USR_063471,2
USR_063472,2
USR_063473,2
USR_063474,4
USR_063475,4
USR_063476,4
USR_063477,2
USR_063478,2
USR_063479,2
USR_063480,4
USR_063481,2
USR_063482,2
USR_063483,7
USR_063484,2
USR_063485,2
USR_063486,2
USR_063487,4
USR_063488,2
USR_063489,2
USR_063490,2
USR_063491,1
USR_063492,2
USR_063493,4
USR_063494,2
USR_063495,2
USR_063496,2
USR_063497,2
USR_063498,2
USR_063499,2
USR_063500,2
USR_063501,2
USR_063502,4
USR_063503,1
USR_063504,2
USR_063505,2
USR_063506,2
USR_063507,2
USR_063508,7
USR_063509,6
USR_063510,2
USR_063511,2
USR_063512,2
USR_063513,2
USR_063514,2
USR_063515,2
USR_063516,3
USR_063517,2
USR_063518,2
USR_063519,2
USR_063520,4
USR_063521,4
USR_063522,2
USR_063523,2
USR_063524,2
USR_063525,2
USR_063526,2
USR_063527,4
USR_063528,2
USR_063529,2
USR_063530,2
USR_063531,2
USR_063532,3
USR_063533,7
USR_063534,1
USR_063535,2
USR_063536,2
USR_063537,2
USR_063538,2
USR_063539,4
USR_063540,2
USR_063541,3
USR_063542,1
USR_063543,4
USR_063544,2
USR_063545,2
USR_063546,2
USR_063547,2
USR_063548,2
USR_063549,2
USR_063550,2
USR_063551,4
USR_063552,2
USR_063553,3
USR_063554,4
USR_063555,7
USR_063556,2
USR_063557,4
USR_063558,2
USR_063559,2
USR_063560,2
USR_063561,2
USR_063562,2
USR_063563,1
USR_063564,7
USR_063565,7
USR_063566,2
USR_063567,4
USR_063568,4
USR_063569,2
USR_063570,2
USR_063571,4
USR_063572,5
USR_063573,2
USR_063574,2
USR_063575,7
USR_063576,4
USR_063577,1
USR_063578,4
USR_063579,2
USR_063580,4
USR_063581,4
USR_063582,2
USR_063583,2
USR_063584,2
USR_063585,2
USR_063586,2
USR_063587,5
USR_063588,2
USR_063589,3
USR_063590,2
USR_063591,2
USR_063592,2
USR_063593,4
USR_063594,3
USR_063595,4
USR_063596,2
USR_063597,2
USR_063598,2
USR_063599,2
USR_063600,3
USR_063601,2
USR_063602,2
USR_063603,2
USR_063604,2
USR_063605,2
USR_063606,2
USR_063607,4
USR_063608,2
USR_063609,2
USR_063610,2
USR_063611,3
USR_063612,2
USR_063613,2
USR_063614,1
USR_063615,2
USR_063616,4
USR_063617,2
USR_063618,2
USR_063619,2
USR_063620,2
USR_063621,2
USR_063622,2
USR_063623,2
USR_063624,2
USR_063625,2
USR_063626,2
USR_063627,2
USR_063628,2
USR_063629,2
USR_063630,2
USR_063631,2
USR_063632,4
USR_063633,4
USR_063634,2
USR_063635,2
USR_063636,2
USR_063637,4
USR_063638,2
USR_063639,2
USR_063640,3
USR_063641,0
USR_063642,4
USR_063643,4
USR_063644,3
USR_063645,2
USR_063646,3
USR_063647,2
USR_063648,4
USR_063649,4
USR_063650,2
USR_063651,2
USR_063652,2
USR_063653,7
USR_063654,4
USR_063655,2
USR_063656,2
USR_063657,5
USR_063658,2
USR_063659,2
USR_063660,2
USR_063661,2
USR_063662,2
USR_063663,3
USR_063664,2
USR_063665,7
USR_063666,2
USR_063667,2
USR_063668,2
USR_063669,2
USR_063670,2
USR_063671,2
USR_063672,2
USR_063673,2
USR_063674,4
USR_063675,4
USR_063676,7
USR_063677,2
USR_063678,2
USR_063679,2
USR_063680,2
USR_063681,2
USR_063682,2
USR_063683,2
USR_063684,2
USR_063685,2
USR_063686,4
USR_063687,2
USR_063688,4
USR_063689,2
USR_063690,4
USR_063691,2
USR_063692,4
USR_063693,2
USR_063694,2
USR_063695,2
USR_063696,2
USR_063697,2
USR_063698,2
USR_063699,3
USR_063700,4
USR_063701,2
USR_063702,2
USR_063703,2
USR_063704,2
USR_063705,2
USR_063706,2
USR_063707,4
USR_063708,2
USR_063709,4
USR_063710,2
USR_063711,2
USR_063712,2
USR_063713,2
USR_063714,2
USR_063715,2
USR_063716,2
USR_063717,2
USR_063718,2
USR_063719,2
USR_063720,2
USR_063721,2
USR_063722,4
USR_063723,2
USR_063724,4
USR_063725,1
USR_063726,4
USR_063727,2
USR_063728,2
USR_063729,2
USR_063730,2
USR_063731,2
USR_063732,2
USR_063733,3
USR_063734,4
USR_063735,2
USR_063736,2
USR_063737,2
USR_063738,2
USR_063739,2
USR_063740,2
USR_063741,2
USR_063742,2
USR_063743,2
USR_063744,2
USR_063745,2
USR_063746,2
USR_063747,2
USR_063748,5
USR_063749,2
USR_063750,6
USR_063751,2
USR_063752,2
USR_063753,2
USR_063754,3
USR_063755,2
USR_063756,2
USR_063757,2
USR_063758,2
USR_063759,2
USR_063760,4
USR_063761,4
USR_063762,4
USR_063763,2
USR_063764,2
USR_063765,5
USR_063766,2
USR_063767,4
USR_063768,4
USR_063769,7
USR_063770,2
USR_063771,2
USR_063772,4
USR_063773,2
USR_063774,2
USR_063775,7
USR_063776,2
USR_063777,2
USR_063778,2
USR_063779,2
USR_063780,2
USR_063781,2
USR_063782,2
USR_063783,2
USR_063784,2
USR_063785,1
USR_063786,2
USR_063787,2
USR_063788,2
USR_063789,2
USR_063790,2
USR_063791,2
USR_063792,2
USR_063793,4
USR_063794,2
USR_063795,2
USR_063796,2
USR_063797,2
USR_063798,2
USR_063799,4
USR_063800,2
USR_063801,5
USR_063802,3
USR_063803,2
USR_063804,2
USR_063805,2
USR_063806,7
USR_063807,2
USR_063808,4
USR_063809,5
USR_063810,2
USR_063811,4
USR_063812,4
USR_063813,2
USR_063814,4
USR_063815,3
USR_063816,7
USR_063817,2
USR_063818,2
USR_063819,4
USR_063820,2
USR_063821,4
USR_063822,2
USR_063823,2
USR_063824,2
USR_063825,2
USR_063826,2
USR_063827,2
USR_063828,2
USR_063829,2
USR_063830,2
USR_063831,2
USR_063832,2
USR_063833,2
USR_063834,2
USR_063835,2
USR_063836,2
USR_063837,2
USR_063838,2
USR_063839,4
USR_063840,4
USR_063841,4
USR_063842,2
USR_063843,2
USR_063844,2
USR_063845,2
USR_063846,2
USR_063847,4
USR_063848,2
USR_063849,2
USR_063850,2
USR_063851,2
USR_063852,2
USR_063853,2
USR_063854,2
USR_063855,2
USR_063856,2
USR_063857,2
USR_063858,2
USR_063859,4
USR_063860,2
USR_063861,2
USR_063862,2
USR_063863,2
USR_063864,2
USR_063865,2
USR_063866,4
USR_063867,4
USR_063868,1
USR_063869,2
USR_063870,4
USR_063871,4
USR_063872,2
USR_063873,2
USR_063874,3
USR_063875,2
USR_063876,2
USR_063877,2
USR_063878,4
USR_063879,4
USR_063880,4
USR_063881,2
USR_063882,2
USR_063883,4
USR_063884,2
USR_063885,5
USR_063886,2
USR_063887,2
USR_063888,2
USR_063889,2
USR_063890,4
USR_063891,7
USR_063892,2
USR_063893,1
USR_063894,2
USR_063895,2
USR_063896,3
USR_063897,2
USR_063898,2
USR_063899,2
USR_063900,2
USR_063901,2
USR_063902,2
USR_063903,4
USR_063904,2
USR_063905,2
USR_063906,2
USR_063907,2
USR_063908,4
USR_063909,2
USR_063910,2
USR_063911,2
USR_063912,4
USR_063913,2
USR_063914,2
USR_063915,2
USR_063916,2
USR_063917,2
USR_063918,2
USR_063919,2
USR_063920,2
USR_063921,2
USR_063922,2
USR_063923,4
USR_063924,2
USR_063925,7
USR_063926,4
USR_063927,2
USR_063928,2
USR_063929,4
USR_063930,2
USR_063931,2
USR_063932,2
USR_063933,4
USR_063934,4
USR_063935,2
USR_063936,2
USR_063937,4
USR_063938,2
USR_063939,2
USR_063940,2
USR_063941,2
USR_063942,3
USR_063943,2
USR_063944,2
USR_063945,2
USR_063946,2
USR_063947,3
USR_063948,2
USR_063949,4
USR_063950,4
USR_063951,2
USR_063952,4
USR_063953,2
USR_063954,2
USR_063955,2
USR_063956,2
USR_063957,4
USR_063958,3
USR_063959,2
USR_063960,2
USR_063961,4
USR_063962,2
USR_063963,2
USR_063964,2
USR_063965,4
USR_063966,2
USR_063967,4
USR_063968,2
USR_063969,2
USR_063970,7
USR_063971,4
USR_063972,3
USR_063973,2
USR_063974,2
USR_063975,2
USR_063976,7
USR_063977,2
USR_063978,2
USR_063979,2
USR_063980,2
USR_063981,2
USR_063982,2
USR_063983,2
USR_063984,3
USR_063985,2
USR_063986,2
USR_063987,2
USR_063988,1
USR_063989,1
USR_063990,2
USR_063991,1
USR_063992,2
USR_063993,2
USR_063994,2
USR_063995,2
USR_063996,2
USR_063997,2
USR_063998,2
USR_063999,3
USR_064000,4
USR_064001,2
USR_064002,2
USR_064003,2
USR_064004,2
USR_064005,4
USR_064006,4
USR_064007,2
USR_064008,1
USR_064009,2
USR_064010,2
USR_064011,7
USR_064012,3
USR_064013,2
USR_064014,2
USR_064015,7
USR_064016,2
USR_064017,1
USR_064018,2
USR_064019,4
USR_064020,2
USR_064021,4
USR_064022,2
USR_064023,2
USR_064024,2
USR_064025,2
USR_064026,4
USR_064027,2
USR_064028,4
USR_064029,4
USR_064030,2
USR_064031,2
USR_064032,2
USR_064033,2
USR_064034,4
USR_064035,2
USR_064036,2
USR_064037,2
USR_064038,2
USR_064039,4
USR_064040,2
USR_064041,4
USR_064042,5
USR_064043,4
USR_064044,4
USR_064045,2
USR_064046,2
USR_064047,4
USR_064048,4
USR_064049,4
USR_064050,2
USR_064051,4
USR_064052,4
USR_064053,3
USR_064054,2
USR_064055,4
USR_064056,4
USR_064057,2
USR_064058,4
USR_064059,4
USR_064060,7
USR_064061,4
USR_064062,4
USR_064063,2
USR_064064,2
USR_064065,2
USR_064066,2
USR_064067,2
USR_064068,2
USR_064069,4
USR_064070,2
USR_064071,2
USR_064072,2
USR_064073,2
USR_064074,2
USR_064075,2
USR_064076,2
USR_064077,4
USR_064078,4
USR_064079,3
USR_064080,4
USR_064081,2
USR_064082,2
USR_064083,2
USR_064084,2
USR_064085,2
USR_064086,2
USR_064087,4
USR_064088,2
USR_064089,0
USR_064090,4
USR_064091,4
USR_064092,2
USR_064093,2
USR_064094,4
USR_064095,2
USR_064096,5
USR_064097,4
USR_064098,4
USR_064099,6
USR_064100,2
USR_064101,2
USR_064102,2
USR_064103,4
USR_064104,2
USR_064105,2
USR_064106,2
USR_064107,2
USR_064108,7
USR_064109,2
USR_064110,2
USR_064111,2
USR_064112,2
USR_064113,4
USR_064114,2
USR_064115,2
USR_064116,2
USR_064117,2
USR_064118,2
USR_064119,7
USR_064120,2
USR_064121,2
USR_064122,4
USR_064123,2
USR_064124,4
USR_064125,2
USR_064126,4
USR_064127,0
USR_064128,2
USR_064129,7
USR_064130,2
USR_064131,2
USR_064132,2
USR_064133,2
USR_064134,2
USR_064135,2
USR_064136,2
USR_064137,4
USR_064138,4
USR_064139,4
USR_064140,4
USR_064141,7
USR_064142,2
USR_064143,2
USR_064144,2
USR_064145,2
USR_064146,2
USR_064147,2
USR_064148,2
USR_064149,2
USR_064150,2
USR_064151,2
USR_064152,2
USR_064153,2
USR_064154,2
USR_064155,1
USR_064156,2
USR_064157,2
USR_064158,4
USR_064159,2
USR_064160,4
USR_064161,4
USR_064162,2
USR_064163,3
USR_064164,2
USR_064165,2
USR_064166,2
USR_064167,2
USR_064168,2
USR_064169,2
USR_064170,2
USR_064171,4
USR_064172,2
USR_064173,2
USR_064174,2
USR_064175,2
USR_064176,2
USR_064177,2
USR_064178,2
USR_064179,2
USR_064180,4
USR_064181,2
USR_064182,2
USR_064183,7
USR_064184,2
USR_064185,2
USR_064186,2
USR_064187,2
USR_064188,2
USR_064189,2
USR_064190,4
USR_064191,2
USR_064192,4
USR_064193,2
USR_064194,2
USR_064195,4
USR_064196,2
USR_064197,4
USR_064198,2
USR_064199,2
USR_064200,3
USR_064201,2
USR_064202,2
USR_064203,2
USR_064204,4
USR_064205,7
USR_064206,2
USR_064207,2
USR_064208,4
USR_064209,3
USR_064210,7
USR_064211,2
USR_064212,2
USR_064213,2
USR_064214,2
USR_064215,2
USR_064216,2
USR_064217,4
USR_064218,2
USR_064219,2
USR_064220,2
USR_064221,2
USR_064222,2
USR_064223,2
USR_064224,2
USR_064225,2
USR_064226,2
USR_064227,2
USR_064228,4
USR_064229,4
USR_064230,2
USR_064231,2
USR_064232,2
USR_064233,7
USR_064234,2
USR_064235,2
USR_064236,4
USR_064237,2
USR_064238,2
USR_064239,4
USR_064240,4
USR_064241,2
USR_064242,2
USR_064243,2
USR_064244,2
USR_064245,2
USR_064246,2
USR_064247,2
USR_064248,1
USR_064249,2
USR_064250,2
USR_064251,2
USR_064252,7
USR_064253,2
USR_064254,2
USR_064255,2
USR_064256,2
USR_064257,2
USR_064258,2
USR_064259,2
USR_064260,2
USR_064261,4
USR_064262,2
USR_064263,2
USR_064264,2
USR_064265,4
USR_064266,7
USR_064267,4
USR_064268,2
USR_064269,4
USR_064270,2
USR_064271,4
USR_064272,2
USR_064273,6
USR_064274,2
USR_064275,2
USR_064276,2
USR_064277,2
USR_064278,2
USR_064279,2
USR_064280,2
USR_064281,2
USR_064282,2
USR_064283,2
USR_064284,7
USR_064285,2
USR_064286,2
USR_064287,4
USR_064288,6
USR_064289,3
USR_064290,2
USR_064291,2
USR_064292,4
USR_064293,2
USR_064294,2
USR_064295,4
USR_064296,2
USR_064297,4
USR_064298,2
USR_064299,7
USR_064300,2
USR_064301,2
USR_064302,4
USR_064303,2
USR_064304,2
USR_064305,4
USR_064306,2
USR_064307,6
USR_064308,2
USR_064309,2
USR_064310,2
USR_064311,2
USR_064312,2
USR_064313,4
USR_064314,2
USR_064315,4
USR_064316,2
USR_064317,2
USR_064318,2
USR_064319,2
USR_064320,2
USR_064321,2
USR_064322,2
USR_064323,2
USR_064324,2
USR_064325,2
USR_064326,2
USR_064327,2
USR_064328,2
USR_064329,4
USR_064330,2
USR_064331,2
USR_064332,2
USR_064333,4
USR_064334,2
USR_064335,2
USR_064336,2
USR_064337,2
USR_064338,2
USR_064339,3
USR_064340,4
USR_064341,2
USR_064342,2
USR_064343,3
USR_064344,2
USR_064345,2
USR_064346,2
USR_064347,4
USR_064348,2
USR_064349,4
USR_064350,4
USR_064351,2
USR_064352,4
USR_064353,2
USR_064354,2
USR_064355,2
USR_064356,2
USR_064357,2
USR_064358,7
USR_064359,3
USR_064360,2
USR_064361,2
USR_064362,2
USR_064363,5
USR_064364,4
USR_064365,1
USR_064366,2
USR_064367,2
USR_064368,2
USR_064369,2
USR_064370,2
USR_064371,2
USR_064372,2
USR_064373,2
USR_064374,3
USR_064375,2
USR_064376,2
USR_064377,3
USR_064378,7
USR_064379,6
USR_064380,2
USR_064381,2
USR_064382,7
USR_064383,2
USR_064384,2
USR_064385,2
USR_064386,4
USR_064387,4
USR_064388,2
USR_064389,2
USR_064390,2
USR_064391,2
USR_064392,2
USR_064393,3
USR_064394,2
USR_064395,4
USR_064396,2
USR_064397,4
USR_064398,2
USR_064399,3
USR_064400,2
USR_064401,2
USR_064402,2
USR_064403,2
USR_064404,2
USR_064405,7
USR_064406,2
USR_064407,3
USR_064408,2
USR_064409,2
USR_064410,2
USR_064411,2
USR_064412,4
USR_064413,4
USR_064414,2
USR_064415,2
USR_064416,2
USR_064417,2
USR_064418,2
USR_064419,2
USR_064420,2
USR_064421,2
USR_064422,2
USR_064423,2
USR_064424,4
USR_064425,2
USR_064426,2
USR_064427,3
USR_064428,2
USR_064429,2
USR_064430,2
USR_064431,4
USR_064432,2
USR_064433,4
USR_064434,2
USR_064435,4
USR_064436,2
USR_064437,1
USR_064438,3
USR_064439,7
USR_064440,2
USR_064441,2
USR_064442,7
USR_064443,2
USR_064444,2
USR_064445,2
USR_064446,2
USR_064447,7
USR_064448,2
USR_064449,2
USR_064450,2
USR_064451,4
USR_064452,2
USR_064453,4
USR_064454,2
USR_064455,2
USR_064456,2
USR_064457,2
USR_064458,3
USR_064459,2
USR_064460,2
USR_064461,4
USR_064462,2
USR_064463,4
USR_064464,2
USR_064465,2
USR_064466,3
USR_064467,2
USR_064468,4
USR_064469,2
USR_064470,2
USR_064471,2
USR_064472,4
USR_064473,2
USR_064474,2
USR_064475,4
USR_064476,4
USR_064477,2
USR_064478,2
USR_064479,4
USR_064480,2
USR_064481,2
USR_064482,2
USR_064483,2
USR_064484,2
USR_064485,4
USR_064486,2
USR_064487,2
USR_064488,7
USR_064489,2
USR_064490,2
USR_064491,2
USR_064492,2
USR_064493,3
USR_064494,2
USR_064495,4
USR_064496,3
USR_064497,2
USR_064498,2
USR_064499,3
USR_064500,2
USR_064501,2
USR_064502,2
USR_064503,4
USR_064504,2
USR_064505,2
USR_064506,4
USR_064507,2
USR_064508,2
USR_064509,4
USR_064510,2
USR_064511,7
USR_064512,3
USR_064513,4
USR_064514,2
USR_064515,2
USR_064516,4
USR_064517,2
USR_064518,2
USR_064519,3
USR_064520,2
USR_064521,2
USR_064522,2
USR_064523,4
USR_064524,2
USR_064525,2
USR_064526,4
USR_064527,7
USR_064528,2
USR_064529,2
USR_064530,2
USR_064531,2
USR_064532,4
USR_064533,4
USR_064534,2
USR_064535,2
USR_064536,2
USR_064537,2
USR_064538,2
USR_064539,1
USR_064540,2
USR_064541,2
USR_064542,4
USR_064543,2
USR_064544,7
USR_064545,4
USR_064546,2
USR_064547,4
USR_064548,2
USR_064549,2
USR_064550,2
USR_064551,2
USR_064552,2
USR_064553,2
USR_064554,2
USR_064555,2
USR_064556,4
USR_064557,2
USR_064558,3
USR_064559,2
USR_064560,2
USR_064561,1
USR_064562,4
USR_064563,2
USR_064564,2
USR_064565,2
USR_064566,4
USR_064567,2
USR_064568,2
USR_064569,4
USR_064570,2
USR_064571,7
USR_064572,2
USR_064573,4
USR_064574,4
USR_064575,2
USR_064576,2
USR_064577,2
USR_064578,3
USR_064579,2
USR_064580,4
USR_064581,2
USR_064582,2
USR_064583,2
USR_064584,2
USR_064585,2
USR_064586,2
USR_064587,2
USR_064588,2
USR_064589,2
USR_064590,2
USR_064591,4
USR_064592,2
USR_064593,2
USR_064594,2
USR_064595,2
USR_064596,2
USR_064597,4
USR_064598,6
USR_064599,2
USR_064600,2
USR_064601,2
USR_064602,2
USR_064603,2
USR_064604,4
USR_064605,2
USR_064606,2
USR_064607,2
USR_064608,2
USR_064609,4
USR_064610,2
USR_064611,2
USR_064612,2
USR_064613,2
USR_064614,2
USR_064615,7
USR_064616,2
USR_064617,2
USR_064618,2
USR_064619,2
USR_064620,2
USR_064621,4
USR_064622,2
USR_064623,2
USR_064624,4
USR_064625,2
USR_064626,3
USR_064627,7
USR_064628,4
USR_064629,2
USR_064630,2
USR_064631,3
USR_064632,2
USR_064633,2
USR_064634,2
USR_064635,4
USR_064636,4
USR_064637,7
USR_064638,2
USR_064639,2
USR_064640,2
USR_064641,7
USR_064642,2
USR_064643,2
USR_064644,2
USR_064645,3
USR_064646,2
USR_064647,2
USR_064648,2
USR_064649,4
USR_064650,4
USR_064651,2
USR_064652,4
USR_064653,2
USR_064654,2
USR_064655,2
USR_064656,2
USR_064657,4
USR_064658,4
USR_064659,4
USR_064660,2
USR_064661,3
USR_064662,2
USR_064663,2
USR_064664,4
USR_064665,2
USR_064666,2
USR_064667,2
USR_064668,2
USR_064669,2
USR_064670,2
USR_064671,4
USR_064672,2
USR_064673,2
USR_064674,2
USR_064675,2
USR_064676,4
USR_064677,4
USR_064678,2
USR_064679,2
USR_064680,2
USR_064681,2
USR_064682,3
USR_064683,2
USR_064684,2
USR_064685,5
USR_064686,2
USR_064687,4
USR_064688,2
USR_064689,2
USR_064690,2
USR_064691,2
USR_064692,2
USR_064693,2
USR_064694,6
USR_064695,2
USR_064696,2
USR_064697,2
USR_064698,4
USR_064699,2
USR_064700,4
USR_064701,2
USR_064702,2
USR_064703,2
USR_064704,4
USR_064705,2
USR_064706,4
USR_064707,2
USR_064708,2
USR_064709,3
USR_064710,2
USR_064711,2
USR_064712,3
USR_064713,2
USR_064714,2
USR_064715,2
USR_064716,2
USR_064717,2
USR_064718,4
USR_064719,2
USR_064720,2
USR_064721,4
USR_064722,4
USR_064723,2
USR_064724,2
USR_064725,2
USR_064726,2
USR_064727,2
USR_064728,2
USR_064729,2
USR_064730,2
USR_064731,2
USR_064732,2
USR_064733,4
USR_064734,2
USR_064735,4
USR_064736,4
USR_064737,2
USR_064738,2
USR_064739,7
USR_064740,2
USR_064741,2
USR_064742,3
USR_064743,4
USR_064744,1
USR_064745,7
USR_064746,2
USR_064747,2
USR_064748,2
USR_064749,2
USR_064750,4
USR_064751,4
USR_064752,2
USR_064753,2
USR_064754,2
USR_064755,2
USR_064756,4
USR_064757,2
USR_064758,2
USR_064759,3
USR_064760,2
USR_064761,2
USR_064762,2
USR_064763,4
USR_064764,2
USR_064765,2
USR_064766,3
USR_064767,2
USR_064768,4
USR_064769,4
USR_064770,7
USR_064771,2
USR_064772,2
USR_064773,2
USR_064774,2
USR_064775,2
USR_064776,2
USR_064777,2
USR_064778,2
USR_064779,2
USR_064780,4
USR_064781,2
USR_064782,2
USR_064783,2
USR_064784,3
USR_064785,2
USR_064786,3
USR_064787,2
USR_064788,4
USR_064789,2
USR_064790,2
USR_064791,2
USR_064792,2
USR_064793,2
USR_064794,4
USR_064795,2
USR_064796,2
USR_064797,2
USR_064798,2
USR_064799,2
USR_064800,2
USR_064801,2
USR_064802,2
USR_064803,2
USR_064804,2
USR_064805,2
USR_064806,3
USR_064807,2
USR_064808,2
USR_064809,2
USR_064810,4
USR_064811,2
USR_064812,4
USR_064813,2
USR_064814,2
USR_064815,4
USR_064816,2
USR_064817,2
USR_064818,2
USR_064819,2
USR_064820,4
USR_064821,2
USR_064822,2
USR_064823,2
USR_064824,2
USR_064825,2
USR_064826,2
USR_064827,2
USR_064828,4
USR_064829,4
USR_064830,2
USR_064831,2
USR_064832,4
USR_064833,2
USR_064834,4
USR_064835,2
USR_064836,2
USR_064837,2
USR_064838,7
USR_064839,2
USR_064840,4
USR_064841,2
USR_064842,1
USR_064843,2
USR_064844,4
USR_064845,4
USR_064846,2
USR_064847,2
USR_064848,2
USR_064849,4
USR_064850,2
USR_064851,2
USR_064852,2
USR_064853,2
USR_064854,4
USR_064855,2
USR_064856,2
USR_064857,2
USR_064858,2
USR_064859,2
USR_064860,4
USR_064861,2
USR_064862,4
USR_064863,2
USR_064864,2
USR_064865,2
USR_064866,2
USR_064867,2
USR_064868,2
USR_064869,4
USR_064870,4
USR_064871,2
USR_064872,2
USR_064873,2
USR_064874,2
USR_064875,2
USR_064876,3
USR_064877,2
USR_064878,2
USR_064879,2
USR_064880,2
USR_064881,2
USR_064882,2
USR_064883,2
USR_064884,2
USR_064885,2
USR_064886,2
USR_064887,2
USR_064888,2
USR_064889,2
USR_064890,4
USR_064891,2
USR_064892,2
USR_064893,2
USR_064894,2
USR_064895,4
USR_064896,2
USR_064897,2
USR_064898,3
USR_064899,6
USR_064900,2
USR_064901,1
USR_064902,4
USR_064903,2
USR_064904,2
USR_064905,2
USR_064906,4
USR_064907,3
USR_064908,4
USR_064909,2
USR_064910,4
USR_064911,3
USR_064912,2
USR_064913,7
USR_064914,2
USR_064915,4
USR_064916,2
USR_064917,2
USR_064918,2
USR_064919,3
USR_064920,2
USR_064921,1
USR_064922,2
USR_064923,2
USR_064924,2
USR_064925,2
USR_064926,7
USR_064927,2
USR_064928,2
USR_064929,2
USR_064930,2
USR_064931,4
USR_064932,2
USR_064933,7
USR_064934,2
USR_064935,2
USR_064936,4
USR_064937,2
USR_064938,2
USR_064939,2
USR_064940,2
USR_064941,2
USR_064942,4
USR_064943,3
USR_064944,2
USR_064945,2
USR_064946,2
USR_064947,2
USR_064948,2
USR_064949,2
USR_064950,4
USR_064951,2
USR_064952,2
USR_064953,2
USR_064954,4
USR_064955,2
USR_064956,2
USR_064957,2
USR_064958,2
USR_064959,4
USR_064960,2
USR_064961,2
USR_064962,2
USR_064963,2
USR_064964,2
USR_064965,4
USR_064966,1
USR_064967,1
USR_064968,2
USR_064969,2
USR_064970,2
USR_064971,6
USR_064972,4
USR_064973,3
USR_064974,4
USR_064975,2
USR_064976,2
USR_064977,4
USR_064978,2
USR_064979,2
USR_064980,2
USR_064981,2
USR_064982,4
USR_064983,6
USR_064984,2
USR_064985,2
USR_064986,2
USR_064987,2
USR_064988,4
USR_064989,2
USR_064990,1
USR_064991,4
USR_064992,2
USR_064993,2
USR_064994,3
USR_064995,4
USR_064996,2
USR_064997,2
USR_064998,2
USR_064999,2
USR_065000,2
USR_065001,2
USR_065002,2
USR_065003,2
USR_065004,2
USR_065005,0
USR_065006,2
USR_065007,5
USR_065008,3
USR_065009,4
USR_065010,4
USR_065011,2
USR_065012,2
USR_065013,2
USR_065014,3
USR_065015,2
USR_065016,2
USR_065017,2
USR_065018,2
USR_065019,2
USR_065020,2
USR_065021,3
USR_065022,7
USR_065023,2
USR_065024,4
USR_065025,3
USR_065026,2
USR_065027,0
USR_065028,4
USR_065029,2
USR_065030,1
USR_065031,1
USR_065032,4
USR_065033,5
USR_065034,4
USR_065035,2
USR_065036,2
USR_065037,2
USR_065038,3
USR_065039,2
USR_065040,2
USR_065041,2
USR_065042,2
USR_065043,2
USR_065044,4
USR_065045,2
USR_065046,1
USR_065047,7
USR_065048,2
USR_065049,2
USR_065050,4
USR_065051,2
USR_065052,4
USR_065053,2
USR_065054,2
USR_065055,2
USR_065056,2
USR_065057,2
USR_065058,2
USR_065059,4
USR_065060,2
USR_065061,4
USR_065062,2
USR_065063,2
USR_065064,2
USR_065065,4
USR_065066,2
USR_065067,4
USR_065068,2
USR_065069,4
USR_065070,2
USR_065071,2
USR_065072,4
USR_065073,2
USR_065074,2
USR_065075,2
USR_065076,2
USR_065077,4
USR_065078,2
USR_065079,2
USR_065080,2
USR_065081,2
USR_065082,2
USR_065083,2
USR_065084,2
USR_065085,3
USR_065086,4
USR_065087,2
USR_065088,2
USR_065089,2
USR_065090,4
USR_065091,4
USR_065092,4
USR_065093,2
USR_065094,2
USR_065095,2
USR_065096,4
USR_065097,2
USR_065098,5
USR_065099,3
USR_065100,4
USR_065101,2
USR_065102,2
USR_065103,2
USR_065104,4
USR_065105,2
USR_065106,2
USR_065107,2
USR_065108,1
USR_065109,1
USR_065110,2
USR_065111,2
USR_065112,4
USR_065113,2
USR_065114,2
USR_065115,2
USR_065116,2
USR_065117,2
USR_065118,4
USR_065119,2
USR_065120,2
USR_065121,2
USR_065122,2
USR_065123,4
USR_065124,2
USR_065125,2
USR_065126,2
USR_065127,1
USR_065128,2
USR_065129,4
USR_065130,2
USR_065131,2
USR_065132,2
USR_065133,2
USR_065134,2
USR_065135,2
USR_065136,1
USR_065137,4
USR_065138,2
USR_065139,2
USR_065140,3
USR_065141,2
USR_065142,2
USR_065143,2
USR_065144,2
USR_065145,2
USR_065146,2
USR_065147,4
USR_065148,6
USR_065149,3
USR_065150,2
USR_065151,2
USR_065152,2
USR_065153,4
USR_065154,2
USR_065155,4
USR_065156,2
USR_065157,2
USR_065158,2
USR_065159,2
USR_065160,2
USR_065161,2
USR_065162,2
USR_065163,2
USR_065164,2
USR_065165,2
USR_065166,4
USR_065167,5
USR_065168,2
USR_065169,2
USR_065170,2
USR_065171,2
USR_065172,4
USR_065173,2
USR_065174,2
USR_065175,2
USR_065176,3
USR_065177,4
USR_065178,2
USR_065179,2
USR_065180,2
USR_065181,3
USR_065182,2
USR_065183,2
USR_065184,2
USR_065185,4
USR_065186,2
USR_065187,2
USR_065188,2
USR_065189,5
USR_065190,2
USR_065191,2
USR_065192,4
USR_065193,2
USR_065194,2
USR_065195,2
USR_065196,2
USR_065197,3
USR_065198,2
USR_065199,4
USR_065200,2
USR_065201,2
USR_065202,2
USR_065203,2
USR_065204,4
USR_065205,4
USR_065206,2
USR_065207,2
USR_065208,2
USR_065209,2
USR_065210,2
USR_065211,2
USR_065212,2
USR_065213,2
USR_065214,2
USR_065215,4
USR_065216,2
USR_065217,3
USR_065218,4
USR_065219,2
USR_065220,2
USR_065221,2
USR_065222,2
USR_065223,2
USR_065224,2
USR_065225,2
USR_065226,2
USR_065227,4
USR_065228,2
USR_065229,2
USR_065230,4
USR_065231,2
USR_065232,2
USR_065233,2
USR_065234,4
USR_065235,2
USR_065236,4
USR_065237,2
USR_065238,4
USR_065239,2
USR_065240,2
USR_065241,2
USR_065242,2
USR_065243,2
USR_065244,4
USR_065245,4
USR_065246,2
USR_065247,4
USR_065248,2
USR_065249,2
USR_065250,2
USR_065251,2
USR_065252,6
USR_065253,2
USR_065254,2
USR_065255,2
USR_065256,2
USR_065257,2
USR_065258,2
USR_065259,2
USR_065260,2
USR_065261,4
USR_065262,4
USR_065263,4
USR_065264,3
USR_065265,4
USR_065266,2
USR_065267,2
USR_065268,4
USR_065269,4
USR_065270,2
USR_065271,2
USR_065272,3
USR_065273,2
USR_065274,2
USR_065275,4
USR_065276,4
USR_065277,2
USR_065278,2
USR_065279,2
USR_065280,2
USR_065281,2
USR_065282,2
USR_065283,2
USR_065284,5
USR_065285,4
USR_065286,2
USR_065287,2
USR_065288,2
USR_065289,7
USR_065290,3
USR_065291,2
USR_065292,2
USR_065293,2
USR_065294,2
USR_065295,2
USR_065296,2
USR_065297,2
USR_065298,7
USR_065299,2
USR_065300,2
USR_065301,2
USR_065302,5
USR_065303,2
USR_065304,3
USR_065305,2
USR_065306,2
USR_065307,2
USR_065308,1
USR_065309,2
USR_065310,3
USR_065311,7
USR_065312,4
USR_065313,2
USR_065314,2
USR_065315,2
USR_065316,2
USR_065317,2
USR_065318,2
USR_065319,2
USR_065320,2
USR_065321,2
USR_065322,2
USR_065323,2
USR_065324,2
USR_065325,1
USR_065326,2
USR_065327,4
USR_065328,2
USR_065329,4
USR_065330,2
USR_065331,2
USR_065332,2
USR_065333,2
USR_065334,4
USR_065335,2
USR_065336,4
USR_065337,2
USR_065338,3
USR_065339,4
USR_065340,2
USR_065341,4
USR_065342,2
USR_065343,2
USR_065344,2
USR_065345,7
USR_065346,2
USR_065347,2
USR_065348,2
USR_065349,1
USR_065350,2
USR_065351,2
USR_065352,3
USR_065353,2
USR_065354,2
USR_065355,4
USR_065356,2
USR_065357,2
USR_065358,2
USR_065359,2
USR_065360,2
USR_065361,7
USR_065362,2
USR_065363,2
USR_065364,1
USR_065365,4
USR_065366,2
USR_065367,4
USR_065368,2
USR_065369,2
USR_065370,4
USR_065371,0
USR_065372,3
USR_065373,2
USR_065374,2
USR_065375,4
USR_065376,4
USR_065377,2
USR_065378,2
USR_065379,2
USR_065380,2
USR_065381,1
USR_065382,6
USR_065383,4
USR_065384,2
USR_065385,2
USR_065386,2
USR_065387,2
USR_065388,2
USR_065389,1
USR_065390,2
USR_065391,1
USR_065392,2
USR_065393,2
USR_065394,2
USR_065395,1
USR_065396,2
USR_065397,2
USR_065398,2
USR_065399,1
USR_065400,2
USR_065401,3
USR_065402,4
USR_065403,2
USR_065404,2
USR_065405,4
USR_065406,2
USR_065407,2
USR_065408,2
USR_065409,2
USR_065410,2
USR_065411,2
USR_065412,2
USR_065413,2
USR_065414,2
USR_065415,2
USR_065416,2
USR_065417,2
USR_065418,2
USR_065419,1
USR_065420,4
USR_065421,2
USR_065422,4
USR_065423,2
USR_065424,1
USR_065425,2
USR_065426,4
USR_065427,6
USR_065428,2
USR_065429,5
USR_065430,2
USR_065431,2
USR_065432,4
USR_065433,2
USR_065434,2
USR_065435,2
USR_065436,2
USR_065437,2
USR_065438,2
USR_065439,2
USR_065440,4
USR_065441,2
USR_065442,2
USR_065443,2
USR_065444,2
USR_065445,2
USR_065446,3
USR_065447,2
USR_065448,2
USR_065449,2
USR_065450,2
USR_065451,2
USR_065452,2
USR_065453,2
USR_065454,2
USR_065455,3
USR_065456,2
USR_065457,2
USR_065458,2
USR_065459,4
USR_065460,2
USR_065461,7
USR_065462,2
USR_065463,2
USR_065464,2
USR_065465,2
USR_065466,2
USR_065467,2
USR_065468,2
USR_065469,2
USR_065470,2
USR_065471,2
USR_065472,2
USR_065473,2
USR_065474,1
USR_065475,2
USR_065476,2
USR_065477,2
USR_065478,4
USR_065479,2
USR_065480,2
USR_065481,2
USR_065482,2
USR_065483,4
USR_065484,3
USR_065485,2
USR_065486,4
USR_065487,2
USR_065488,1
USR_065489,2
USR_065490,2
USR_065491,7
USR_065492,2
USR_065493,3
USR_065494,6
USR_065495,2
USR_065496,2
USR_065497,4
USR_065498,3
USR_065499,3
USR_065500,7
USR_065501,2
USR_065502,2
USR_065503,2
USR_065504,2
USR_065505,2
USR_065506,4
USR_065507,2
USR_065508,2
USR_065509,4
USR_065510,4
USR_065511,3
USR_065512,2
USR_065513,2
USR_065514,2
USR_065515,2
USR_065516,4
USR_065517,2
USR_065518,2
USR_065519,2
USR_065520,2
USR_065521,4
USR_065522,2
USR_065523,1
USR_065524,2
USR_065525,2
USR_065526,2
USR_065527,7
USR_065528,4
USR_065529,2
USR_065530,2
USR_065531,2
USR_065532,2
USR_065533,2
USR_065534,2
USR_065535,4
USR_065536,2
USR_065537,2
USR_065538,3
USR_065539,4
USR_065540,2
USR_065541,2
USR_065542,4
USR_065543,2
USR_065544,1
USR_065545,2
USR_065546,2
USR_065547,2
USR_065548,2
USR_065549,2
USR_065550,4
USR_065551,2
USR_065552,2
USR_065553,2
USR_065554,2
USR_065555,2
USR_065556,4
USR_065557,5
USR_065558,2
USR_065559,7
USR_065560,2
USR_065561,2
USR_065562,2
USR_065563,2
USR_065564,4
USR_065565,2
USR_065566,2
USR_065567,2
USR_065568,2
USR_065569,2
USR_065570,2
USR_065571,2
USR_065572,7
USR_065573,4
USR_065574,4
USR_065575,4
USR_065576,4
USR_065577,2
USR_065578,2
USR_065579,2
USR_065580,7
USR_065581,7
USR_065582,2
USR_065583,2
USR_065584,4
USR_065585,4
USR_065586,4
USR_065587,2
USR_065588,2
USR_065589,2
USR_065590,7
USR_065591,0
USR_065592,2
USR_065593,2
USR_065594,2
USR_065595,2
USR_065596,7
USR_065597,1
USR_065598,4
USR_065599,2
USR_065600,2
USR_065601,2
USR_065602,2
USR_065603,2
USR_065604,2
USR_065605,4
USR_065606,3
USR_065607,2
USR_065608,2
USR_065609,4
USR_065610,2
USR_065611,2
USR_065612,2
USR_065613,2
USR_065614,4
USR_065615,2
USR_065616,2
USR_065617,2
USR_065618,2
USR_065619,4
USR_065620,2
USR_065621,2
USR_065622,2
USR_065623,4
USR_065624,2
USR_065625,2
USR_065626,4
USR_065627,2
USR_065628,2
USR_065629,4
USR_065630,4
USR_065631,2
USR_065632,2
USR_065633,2
USR_065634,2
USR_065635,4
USR_065636,2
USR_065637,1
USR_065638,2
USR_065639,2
USR_065640,7
USR_065641,2
USR_065642,4
USR_065643,4
USR_065644,2
USR_065645,2
USR_065646,2
USR_065647,2
USR_065648,2
USR_065649,2
USR_065650,2
USR_065651,2
USR_065652,7
USR_065653,2
USR_065654,2
USR_065655,2
USR_065656,4
USR_065657,3
USR_065658,4
USR_065659,4
USR_065660,2
USR_065661,4
USR_065662,4
USR_065663,2
USR_065664,4
USR_065665,2
USR_065666,7
USR_065667,2
USR_065668,4
USR_065669,2
USR_065670,2
USR_065671,2
USR_065672,4
USR_065673,2
USR_065674,2
USR_065675,2
USR_065676,4
USR_065677,2
USR_065678,2
USR_065679,7
USR_065680,3
USR_065681,2
USR_065682,2
USR_065683,4
USR_065684,2
USR_065685,2
USR_065686,2
USR_065687,2
USR_065688,2
USR_065689,2
USR_065690,2
USR_065691,7
USR_065692,2
USR_065693,2
USR_065694,2
USR_065695,4
USR_065696,2
USR_065697,2
USR_065698,2
USR_065699,2
USR_065700,2
USR_065701,2
USR_065702,4
USR_065703,2
USR_065704,2
USR_065705,2
USR_065706,1
USR_065707,4
USR_065708,4
USR_065709,2
USR_065710,2
USR_065711,2
USR_065712,2
USR_065713,2
USR_065714,4
USR_065715,2
USR_065716,2
USR_065717,4
USR_065718,2
USR_065719,2
USR_065720,2
USR_065721,2
USR_065722,2
USR_065723,2
USR_065724,2
USR_065725,0
USR_065726,2
USR_065727,2
USR_065728,4
USR_065729,2
USR_065730,4
USR_065731,2
USR_065732,2
USR_065733,7
USR_065734,6
USR_065735,4
USR_065736,2
USR_065737,2
USR_065738,4
USR_065739,2
USR_065740,4
USR_065741,2
USR_065742,3
USR_065743,2
USR_065744,2
USR_065745,2
USR_065746,5
USR_065747,4
USR_065748,7
USR_065749,2
USR_065750,2
USR_065751,2
USR_065752,2
USR_065753,2
USR_065754,2
USR_065755,4
USR_065756,2
USR_065757,2
USR_065758,4
USR_065759,2
USR_065760,2
USR_065761,2
USR_065762,2
USR_065763,2
USR_065764,2
USR_065765,3
USR_065766,2
USR_065767,2
USR_065768,2
USR_065769,2
USR_065770,2
USR_065771,2
USR_065772,2
USR_065773,2
USR_065774,2
USR_065775,0
USR_065776,2
USR_065777,2
USR_065778,2
USR_065779,2
USR_065780,4
USR_065781,4
USR_065782,4
USR_065783,2
USR_065784,4
USR_065785,4
USR_065786,2
USR_065787,2
USR_065788,2
USR_065789,2
USR_065790,2
USR_065791,4
USR_065792,2
USR_065793,2
USR_065794,2
USR_065795,2
USR_065796,2
USR_065797,4
USR_065798,2
USR_065799,2
USR_065800,2
USR_065801,2
USR_065802,2
USR_065803,2
USR_065804,6
USR_065805,2
USR_065806,2
USR_065807,1
USR_065808,2
USR_065809,2
USR_065810,1
USR_065811,2
USR_065812,4
USR_065813,2
USR_065814,2
USR_065815,2
USR_065816,2
USR_065817,2
USR_065818,2
USR_065819,2
USR_065820,2
USR_065821,2
USR_065822,2
USR_065823,5
USR_065824,4
USR_065825,4
USR_065826,2
USR_065827,4
USR_065828,2
USR_065829,2
USR_065830,4
USR_065831,2
USR_065832,2
USR_065833,4
USR_065834,2
USR_065835,2
USR_065836,2
USR_065837,2
USR_065838,4
USR_065839,7
USR_065840,2
USR_065841,7
USR_065842,2
USR_065843,2
USR_065844,2
USR_065845,2
USR_065846,2
USR_065847,2
USR_065848,2
USR_065849,2
USR_065850,2
USR_065851,2
USR_065852,7
USR_065853,7
USR_065854,2
USR_065855,2
USR_065856,2
USR_065857,2
USR_065858,2
USR_065859,4
USR_065860,1
USR_065861,4
USR_065862,2
USR_065863,2
USR_065864,2
USR_065865,2
USR_065866,2
USR_065867,2
USR_065868,2
USR_065869,2
USR_065870,2
USR_065871,4
USR_065872,2
USR_065873,2
USR_065874,2
USR_065875,4
USR_065876,6
USR_065877,4
USR_065878,2
USR_065879,4
USR_065880,2
USR_065881,1
USR_065882,2
USR_065883,2
USR_065884,2
USR_065885,4
USR_065886,2
USR_065887,4
USR_065888,2
USR_065889,2
USR_065890,2
USR_065891,2
USR_065892,2
USR_065893,2
USR_065894,2
USR_065895,2
USR_065896,2
USR_065897,7
USR_065898,4
USR_065899,2
USR_065900,2
USR_065901,2
USR_065902,7
USR_065903,2
USR_065904,7
USR_065905,4
USR_065906,2
USR_065907,2
USR_065908,1
USR_065909,7
USR_065910,2
USR_065911,2
USR_065912,2
USR_065913,2
USR_065914,2
USR_065915,2
USR_065916,2
USR_065917,2
USR_065918,4
USR_065919,2
USR_065920,2
USR_065921,2
USR_065922,7
USR_065923,2
USR_065924,2
USR_065925,2
USR_065926,2
USR_065927,4
USR_065928,4
USR_065929,2
USR_065930,2
USR_065931,2
USR_065932,3
USR_065933,3
USR_065934,3
USR_065935,2
USR_065936,7
USR_065937,2
USR_065938,2
USR_065939,2
USR_065940,2
USR_065941,2
USR_065942,2
USR_065943,2
USR_065944,2
USR_065945,4
USR_065946,2
USR_065947,2
USR_065948,4
USR_065949,4
USR_065950,2
USR_065951,2
USR_065952,2
USR_065953,2
USR_065954,2
USR_065955,2
USR_065956,4
USR_065957,2
USR_065958,2
USR_065959,4
USR_065960,2
USR_065961,2
USR_065962,2
USR_065963,2
USR_065964,2
USR_065965,4
USR_065966,2
USR_065967,2
USR_065968,4
USR_065969,2
USR_065970,2
USR_065971,2
USR_065972,2
USR_065973,2
USR_065974,2
USR_065975,2
USR_065976,2
USR_065977,2
USR_065978,2
USR_065979,4
USR_065980,2
USR_065981,3
USR_065982,4
USR_065983,2
USR_065984,2
USR_065985,2
USR_065986,4
USR_065987,2
USR_065988,2
USR_065989,2
USR_065990,2
USR_065991,4
USR_065992,2
USR_065993,2
USR_065994,2
USR_065995,7
USR_065996,2
USR_065997,2
USR_065998,2
USR_065999,2
USR_066000,2
USR_066001,4
USR_066002,2
USR_066003,4
USR_066004,2
USR_066005,2
USR_066006,2
USR_066007,2
USR_066008,2
USR_066009,2
USR_066010,4
USR_066011,2
USR_066012,2
USR_066013,2
USR_066014,4
USR_066015,2
USR_066016,2
USR_066017,2
USR_066018,2
USR_066019,3
USR_066020,2
USR_066021,2
USR_066022,2
USR_066023,7
USR_066024,2
USR_066025,2
USR_066026,4
USR_066027,2
USR_066028,2
USR_066029,2
USR_066030,2
USR_066031,2
USR_066032,2
USR_066033,2
USR_066034,2
USR_066035,2
USR_066036,2
USR_066037,2
USR_066038,2
USR_066039,2
USR_066040,2
USR_066041,2
USR_066042,2
USR_066043,2
USR_066044,2
USR_066045,2
USR_066046,6
USR_066047,2
USR_066048,2
USR_066049,3
USR_066050,2
USR_066051,2
USR_066052,2
USR_066053,3
USR_066054,2
USR_066055,4
USR_066056,4
USR_066057,2
USR_066058,2
USR_066059,2
USR_066060,2
USR_066061,2
USR_066062,2
USR_066063,2
USR_066064,2
USR_066065,2
USR_066066,1
USR_066067,2
USR_066068,2
USR_066069,2
USR_066070,4
USR_066071,2
USR_066072,2
USR_066073,2
USR_066074,2
USR_066075,2
USR_066076,2
USR_066077,2
USR_066078,2
USR_066079,2
USR_066080,2
USR_066081,2
USR_066082,4
USR_066083,2
USR_066084,2
USR_066085,2
USR_066086,2
USR_066087,4
USR_066088,2
USR_066089,2
USR_066090,2
USR_066091,4
USR_066092,4
USR_066093,2
USR_066094,2
USR_066095,2
USR_066096,2
USR_066097,2
USR_066098,2
USR_066099,2
USR_066100,2
USR_066101,7
USR_066102,2
USR_066103,2
USR_066104,2
USR_066105,2
USR_066106,2
USR_066107,2
USR_066108,4
USR_066109,2
USR_066110,2
USR_066111,2
USR_066112,0
USR_066113,2
USR_066114,2
USR_066115,2
USR_066116,4
USR_066117,2
USR_066118,2
USR_066119,7
USR_066120,3
USR_066121,2
USR_066122,2
USR_066123,3
USR_066124,2
USR_066125,4
USR_066126,2
USR_066127,4
USR_066128,2
USR_066129,7
USR_066130,2
USR_066131,2
USR_066132,4
USR_066133,2
USR_066134,4
USR_066135,2
USR_066136,2
USR_066137,2
USR_066138,2
USR_066139,3
USR_066140,4
USR_066141,2
USR_066142,1
USR_066143,4
USR_066144,2
USR_066145,2
USR_066146,2
USR_066147,2
USR_066148,2
USR_066149,2
USR_066150,2
USR_066151,2
USR_066152,2
USR_066153,2
USR_066154,4
USR_066155,2
USR_066156,2
USR_066157,2
USR_066158,4
USR_066159,6
USR_066160,4
USR_066161,2
USR_066162,2
USR_066163,2
USR_066164,2
USR_066165,2
USR_066166,2
USR_066167,2
USR_066168,6
USR_066169,2
USR_066170,2
USR_066171,2
USR_066172,2
USR_066173,2
USR_066174,3
USR_066175,4
USR_066176,2
USR_066177,7
USR_066178,4
USR_066179,2
USR_066180,7
USR_066181,4
USR_066182,2
USR_066183,2
USR_066184,3
USR_066185,2
USR_066186,2
USR_066187,7
USR_066188,6
USR_066189,2
USR_066190,2
USR_066191,7
USR_066192,4
USR_066193,2
USR_066194,2
USR_066195,2
USR_066196,2
USR_066197,2
USR_066198,2
USR_066199,2
USR_066200,2
USR_066201,2
USR_066202,2
USR_066203,2
USR_066204,2
USR_066205,2
USR_066206,2
USR_066207,2
USR_066208,2
USR_066209,2
USR_066210,2
USR_066211,2
USR_066212,4
USR_066213,2
USR_066214,2
USR_066215,2
USR_066216,2
USR_066217,2
USR_066218,2
USR_066219,2
USR_066220,4
USR_066221,2
USR_066222,4
USR_066223,3
USR_066224,2
USR_066225,2
USR_066226,4
USR_066227,4
USR_066228,7
USR_066229,4
USR_066230,2
USR_066231,2
USR_066232,4
USR_066233,1
USR_066234,2
USR_066235,2
USR_066236,4
USR_066237,2
USR_066238,4
USR_066239,5
USR_066240,2
USR_066241,2
USR_066242,2
USR_066243,7
USR_066244,7
USR_066245,2
USR_066246,2
USR_066247,2
USR_066248,2
USR_066249,2
USR_066250,4
USR_066251,2
USR_066252,2
USR_066253,2
USR_066254,2
USR_066255,2
USR_066256,4
USR_066257,3
USR_066258,2
USR_066259,3
USR_066260,2
USR_066261,7
USR_066262,3
USR_066263,2
USR_066264,2
USR_066265,2
USR_066266,2
USR_066267,2
USR_066268,2
USR_066269,2
USR_066270,4
USR_066271,4
USR_066272,2
USR_066273,4
USR_066274,2
USR_066275,4
USR_066276,2
USR_066277,2
USR_066278,5
USR_066279,2
USR_066280,2
USR_066281,2
USR_066282,2
USR_066283,3
USR_066284,7
USR_066285,2
USR_066286,2
USR_066287,5
USR_066288,4
USR_066289,2
USR_066290,2
USR_066291,2
USR_066292,2
USR_066293,2
USR_066294,2
USR_066295,2
USR_066296,1
USR_066297,4
USR_066298,7
USR_066299,4
USR_066300,2
USR_066301,2
USR_066302,2
USR_066303,3
USR_066304,2
USR_066305,4
USR_066306,4
USR_066307,4
USR_066308,2
USR_066309,2
USR_066310,2
USR_066311,2
USR_066312,4
USR_066313,2
USR_066314,2
USR_066315,2
USR_066316,2
USR_066317,2
USR_066318,2
USR_066319,2
USR_066320,4
USR_066321,5
USR_066322,4
USR_066323,2
USR_066324,2
USR_066325,2
USR_066326,2
USR_066327,2
USR_066328,2
USR_066329,2
USR_066330,2
USR_066331,2
USR_066332,2
USR_066333,2
USR_066334,2
USR_066335,2
USR_066336,2
USR_066337,2
USR_066338,2
USR_066339,2
USR_066340,2
USR_066341,2
USR_066342,2
USR_066343,2
USR_066344,2
USR_066345,2
USR_066346,3
USR_066347,4
USR_066348,2
USR_066349,4
USR_066350,4
USR_066351,2
USR_066352,4
USR_066353,2
USR_066354,2
USR_066355,2
USR_066356,4
USR_066357,2
USR_066358,2
USR_066359,2
USR_066360,4
USR_066361,2
USR_066362,2
USR_066363,2
USR_066364,2
USR_066365,5
USR_066366,4
USR_066367,2
USR_066368,2
USR_066369,2
USR_066370,2
USR_066371,4
USR_066372,2
USR_066373,2
USR_066374,2
USR_066375,2
USR_066376,2
USR_066377,2
USR_066378,4
USR_066379,2
USR_066380,2
USR_066381,2
USR_066382,2
USR_066383,2
USR_066384,4
USR_066385,4
USR_066386,2
USR_066387,2
USR_066388,2
USR_066389,4
USR_066390,2
USR_066391,2
USR_066392,2
USR_066393,2
USR_066394,2
USR_066395,4
USR_066396,2
USR_066397,2
USR_066398,2
USR_066399,2
USR_066400,2
USR_066401,2
USR_066402,4
USR_066403,2
USR_066404,2
USR_066405,2
USR_066406,2
USR_066407,2
USR_066408,4
USR_066409,2
USR_066410,2
USR_066411,4
USR_066412,2
USR_066413,2
USR_066414,2
USR_066415,7
USR_066416,4
USR_066417,2
USR_066418,2
USR_066419,2
USR_066420,2
USR_066421,2
USR_066422,2
USR_066423,4
USR_066424,2
USR_066425,4
USR_066426,2
USR_066427,2
USR_066428,2
USR_066429,2
USR_066430,4
USR_066431,2
USR_066432,2
USR_066433,4
USR_066434,2
USR_066435,2
USR_066436,2
USR_066437,4
USR_066438,2
USR_066439,2
USR_066440,2
USR_066441,2
USR_066442,2
USR_066443,4
USR_066444,2
USR_066445,2
USR_066446,4
USR_066447,2
USR_066448,2
USR_066449,2
USR_066450,1
USR_066451,2
USR_066452,2
USR_066453,2
USR_066454,2
USR_066455,4
USR_066456,2
USR_066457,2
USR_066458,2
USR_066459,2
USR_066460,2
USR_066461,2
USR_066462,2
USR_066463,2
USR_066464,2
USR_066465,2
USR_066466,2
USR_066467,1
USR_066468,7
USR_066469,2
USR_066470,2
USR_066471,2
USR_066472,2
USR_066473,2
USR_066474,2
USR_066475,2
USR_066476,2
USR_066477,3
USR_066478,2
USR_066479,2
USR_066480,3
USR_066481,2
USR_066482,2
USR_066483,2
USR_066484,2
USR_066485,2
USR_066486,2
USR_066487,2
USR_066488,4
USR_066489,2
USR_066490,2
USR_066491,2
USR_066492,7
USR_066493,2
USR_066494,2
USR_066495,2
USR_066496,2
USR_066497,2
USR_066498,2
USR_066499,2
USR_066500,2
USR_066501,4
USR_066502,4
USR_066503,2
USR_066504,2
USR_066505,2
USR_066506,2
USR_066507,2
USR_066508,2
USR_066509,2
USR_066510,2
USR_066511,4
USR_066512,2
USR_066513,2
USR_066514,4
USR_066515,2
USR_066516,2
USR_066517,2
USR_066518,4
USR_066519,2
USR_066520,3
USR_066521,2
USR_066522,2
USR_066523,4
USR_066524,2
USR_066525,4
USR_066526,2
USR_066527,2
USR_066528,2
USR_066529,2
USR_066530,2
USR_066531,2
USR_066532,2
USR_066533,2
USR_066534,2
USR_066535,2
USR_066536,2
USR_066537,2
USR_066538,2
USR_066539,2
USR_066540,4
USR_066541,2
USR_066542,2
USR_066543,2
USR_066544,2
USR_066545,2
USR_066546,4
USR_066547,4
USR_066548,2
USR_066549,2
USR_066550,0
USR_066551,2
USR_066552,2
USR_066553,4
USR_066554,2
USR_066555,4
USR_066556,2
USR_066557,2
USR_066558,2
USR_066559,2
USR_066560,2
USR_066561,4
USR_066562,2
USR_066563,2
USR_066564,4
USR_066565,2
USR_066566,2
USR_066567,2
USR_066568,2
USR_066569,2
USR_066570,2
USR_066571,2
USR_066572,2
USR_066573,2
USR_066574,2
USR_066575,2
USR_066576,2
USR_066577,4
USR_066578,2
USR_066579,2
USR_066580,7
USR_066581,4
USR_066582,2
USR_066583,2
USR_066584,2
USR_066585,2
USR_066586,2
USR_066587,2
USR_066588,2
USR_066589,2
USR_066590,2
USR_066591,2
USR_066592,2
USR_066593,7
USR_066594,4
USR_066595,2
USR_066596,2
USR_066597,2
USR_066598,2
USR_066599,2
USR_066600,2
USR_066601,2
USR_066602,2
USR_066603,2
USR_066604,2
USR_066605,2
USR_066606,3
USR_066607,2
USR_066608,2
USR_066609,2
USR_066610,2
USR_066611,3
USR_066612,2
USR_066613,2
USR_066614,2
USR_066615,2
USR_066616,2
USR_066617,4
USR_066618,3
USR_066619,4
USR_066620,7
USR_066621,2
USR_066622,2
USR_066623,2
USR_066624,2
USR_066625,2
USR_066626,2
USR_066627,2
USR_066628,2
USR_066629,2
USR_066630,2
USR_066631,2
USR_066632,4
USR_066633,4
USR_066634,4
USR_066635,2
USR_066636,4
USR_066637,2
USR_066638,2
USR_066639,2
USR_066640,2
USR_066641,2
USR_066642,2
USR_066643,2
USR_066644,2
USR_066645,3
USR_066646,2
USR_066647,2
USR_066648,2
USR_066649,2
USR_066650,2
USR_066651,4
USR_066652,4
USR_066653,2
USR_066654,2
USR_066655,2
USR_066656,2
USR_066657,2
USR_066658,4
USR_066659,2
USR_066660,2
USR_066661,2
USR_066662,2
USR_066663,2
USR_066664,7
USR_066665,2
USR_066666,2
USR_066667,2
USR_066668,4
USR_066669,4
USR_066670,2
USR_066671,2
USR_066672,2
USR_066673,2
USR_066674,2
USR_066675,4
USR_066676,2
USR_066677,4
USR_066678,2
USR_066679,2
USR_066680,4
USR_066681,2
USR_066682,2
USR_066683,2
USR_066684,2
USR_066685,2
USR_066686,2
USR_066687,2
USR_066688,2
USR_066689,2
USR_066690,2
USR_066691,2
USR_066692,2
USR_066693,2
USR_066694,2
USR_066695,1
USR_066696,2
USR_066697,2
USR_066698,4
USR_066699,2
USR_066700,2
USR_066701,2
USR_066702,2
USR_066703,2
USR_066704,4
USR_066705,2
USR_066706,2
USR_066707,2
USR_066708,2
USR_066709,2
USR_066710,2
USR_066711,4
USR_066712,2
USR_066713,4
USR_066714,2
USR_066715,2
USR_066716,4
USR_066717,2
USR_066718,2
USR_066719,2
USR_066720,2
USR_066721,2
USR_066722,2
USR_066723,2
USR_066724,2
USR_066725,2
USR_066726,2
USR_066727,2
USR_066728,2
USR_066729,2
USR_066730,7
USR_066731,2
USR_066732,2
USR_066733,1
USR_066734,4
USR_066735,7
USR_066736,2
USR_066737,3
USR_066738,2
USR_066739,2
USR_066740,2
USR_066741,2
USR_066742,2
USR_066743,2
USR_066744,2
USR_066745,4
USR_066746,2
USR_066747,3
USR_066748,2
USR_066749,2
USR_066750,2
USR_066751,2
USR_066752,2
USR_066753,4
USR_066754,2
USR_066755,7
USR_066756,2
USR_066757,2
USR_066758,4
USR_066759,2
USR_066760,2
USR_066761,2
USR_066762,2
USR_066763,2
USR_066764,3
USR_066765,2
USR_066766,2
USR_066767,2
USR_066768,2
USR_066769,4
USR_066770,2
USR_066771,3
USR_066772,4
USR_066773,2
USR_066774,2
USR_066775,2
USR_066776,1
USR_066777,2
USR_066778,2
USR_066779,4
USR_066780,2
USR_066781,7
USR_066782,2
USR_066783,7
USR_066784,2
USR_066785,3
USR_066786,2
USR_066787,2
USR_066788,2
USR_066789,2
USR_066790,4
USR_066791,2
USR_066792,4
USR_066793,2
USR_066794,3
USR_066795,2
USR_066796,0
USR_066797,2
USR_066798,3
USR_066799,2
USR_066800,1
USR_066801,4
USR_066802,2
USR_066803,2
USR_066804,2
USR_066805,4
USR_066806,2
USR_066807,2
USR_066808,2
USR_066809,6
USR_066810,4
USR_066811,2
USR_066812,4
USR_066813,2
USR_066814,2
USR_066815,2
USR_066816,2
USR_066817,2
USR_066818,3
USR_066819,4
USR_066820,2
USR_066821,2
USR_066822,3
USR_066823,2
USR_066824,2
USR_066825,4
USR_066826,2
USR_066827,2
USR_066828,2
USR_066829,2
USR_066830,2
USR_066831,4
USR_066832,2
USR_066833,4
USR_066834,2
USR_066835,2
USR_066836,5
USR_066837,4
USR_066838,4
USR_066839,4
USR_066840,4
USR_066841,2
USR_066842,2
USR_066843,2
USR_066844,2
USR_066845,2
USR_066846,2
USR_066847,3
USR_066848,2
USR_066849,2
USR_066850,2
USR_066851,2
USR_066852,2
USR_066853,2
USR_066854,2
USR_066855,2
USR_066856,2
USR_066857,2
USR_066858,2
USR_066859,4
USR_066860,2
USR_066861,2
USR_066862,2
USR_066863,2
USR_066864,2
USR_066865,7
USR_066866,2
USR_066867,4
USR_066868,2
USR_066869,2
USR_066870,4
USR_066871,2
USR_066872,2
USR_066873,4
USR_066874,2
USR_066875,2
USR_066876,2
USR_066877,2
USR_066878,2
USR_066879,2
USR_066880,2
USR_066881,3
USR_066882,4
USR_066883,2
USR_066884,2
USR_066885,2
USR_066886,3
USR_066887,7
USR_066888,7
USR_066889,3
USR_066890,2
USR_066891,2
USR_066892,2
USR_066893,2
USR_066894,2
USR_066895,2
USR_066896,7
USR_066897,4
USR_066898,2
USR_066899,3
USR_066900,2
USR_066901,2
USR_066902,3
USR_066903,2
USR_066904,2
USR_066905,2
USR_066906,7
USR_066907,2
USR_066908,2
USR_066909,2
USR_066910,2
USR_066911,2
USR_066912,4
USR_066913,4
USR_066914,4
USR_066915,2
USR_066916,2
USR_066917,2
USR_066918,2
USR_066919,2
USR_066920,2
USR_066921,1
USR_066922,2
USR_066923,2
USR_066924,2
USR_066925,2
USR_066926,2
USR_066927,3
USR_066928,2
USR_066929,2
USR_066930,2
USR_066931,2
USR_066932,2
USR_066933,3
USR_066934,2
USR_066935,4
USR_066936,4
USR_066937,2
USR_066938,2
USR_066939,2
USR_066940,2
USR_066941,2
USR_066942,2
USR_066943,2
USR_066944,2
USR_066945,2
USR_066946,4
USR_066947,1
USR_066948,2
USR_066949,2
USR_066950,2
USR_066951,2
USR_066952,2
USR_066953,2
USR_066954,2
USR_066955,4
USR_066956,2
USR_066957,2
USR_066958,2
USR_066959,2
USR_066960,2
USR_066961,2
USR_066962,3
USR_066963,2
USR_066964,2
USR_066965,2
USR_066966,2
USR_066967,2
USR_066968,2
USR_066969,2
USR_066970,0
USR_066971,2
USR_066972,5
USR_066973,3
USR_066974,2
USR_066975,4
USR_066976,5
USR_066977,3
USR_066978,2
USR_066979,4
USR_066980,2
USR_066981,4
USR_066982,7
USR_066983,2
USR_066984,4
USR_066985,2
USR_066986,2
USR_066987,2
USR_066988,4
USR_066989,2
USR_066990,4
USR_066991,3
USR_066992,2
USR_066993,2
USR_066994,2
USR_066995,2
USR_066996,2
USR_066997,4
USR_066998,2
USR_066999,2
USR_067000,2
USR_067001,2
USR_067002,2
USR_067003,2
USR_067004,2
USR_067005,4
USR_067006,2
USR_067007,2
USR_067008,2
USR_067009,2
USR_067010,2
USR_067011,7
USR_067012,2
USR_067013,2
USR_067014,2
USR_067015,2
USR_067016,2
USR_067017,2
USR_067018,2
USR_067019,2
USR_067020,2
USR_067021,4
USR_067022,2
USR_067023,7
USR_067024,2
USR_067025,4
USR_067026,2
USR_067027,3
USR_067028,4
USR_067029,2
USR_067030,2
USR_067031,4
USR_067032,2
USR_067033,2
USR_067034,2
USR_067035,4
USR_067036,2
USR_067037,2
USR_067038,2
USR_067039,4
USR_067040,2
USR_067041,2
USR_067042,2
USR_067043,2
USR_067044,2
USR_067045,4
USR_067046,2
USR_067047,2
USR_067048,2
USR_067049,4
USR_067050,2
USR_067051,2
USR_067052,2
USR_067053,2
USR_067054,3
USR_067055,2
USR_067056,2
USR_067057,4
USR_067058,2
USR_067059,2
USR_067060,2
USR_067061,2
USR_067062,2
USR_067063,2
USR_067064,4
USR_067065,2
USR_067066,2
USR_067067,4
USR_067068,7
USR_067069,4
USR_067070,2
USR_067071,2
USR_067072,2
USR_067073,2
USR_067074,2
USR_067075,2
USR_067076,2
USR_067077,2
USR_067078,2
USR_067079,2
USR_067080,2
USR_067081,2
USR_067082,2
USR_067083,4
USR_067084,2
USR_067085,2
USR_067086,1
USR_067087,4
USR_067088,4
USR_067089,2
USR_067090,2
USR_067091,2
USR_067092,2
USR_067093,2
USR_067094,2
USR_067095,4
USR_067096,2
USR_067097,4
USR_067098,2
USR_067099,4
USR_067100,0
USR_067101,4
USR_067102,3
USR_067103,2
USR_067104,2
USR_067105,2
USR_067106,2
USR_067107,2
USR_067108,3
USR_067109,2
USR_067110,2
USR_067111,2
USR_067112,0
USR_067113,2
USR_067114,2
USR_067115,2
USR_067116,2
USR_067117,2
USR_067118,2
USR_067119,2
USR_067120,2
USR_067121,2
USR_067122,2
USR_067123,2
USR_067124,2
USR_067125,2
USR_067126,2
USR_067127,4
USR_067128,2
USR_067129,2
USR_067130,2
USR_067131,4
USR_067132,2
USR_067133,2
USR_067134,2
USR_067135,2
USR_067136,4
USR_067137,2
USR_067138,2
USR_067139,2
USR_067140,2
USR_067141,7
USR_067142,2
USR_067143,2
USR_067144,2
USR_067145,2
USR_067146,2
USR_067147,2
USR_067148,2
USR_067149,4
USR_067150,2
USR_067151,2
USR_067152,2
USR_067153,2
USR_067154,2
USR_067155,2
USR_067156,2
USR_067157,2
USR_067158,4
USR_067159,2
USR_067160,2
USR_067161,2
USR_067162,2
USR_067163,2
USR_067164,2
USR_067165,2
USR_067166,2
USR_067167,2
USR_067168,2
USR_067169,3
USR_067170,2
USR_067171,2
USR_067172,2
USR_067173,2
USR_067174,4
USR_067175,2
USR_067176,2
USR_067177,2
USR_067178,2
USR_067179,7
USR_067180,4
USR_067181,2
USR_067182,4
USR_067183,5
USR_067184,2
USR_067185,3
USR_067186,2
USR_067187,2
USR_067188,2
USR_067189,2
USR_067190,2
USR_067191,2
USR_067192,2
USR_067193,4
USR_067194,2
USR_067195,2
USR_067196,2
USR_067197,2
USR_067198,4
USR_067199,2
USR_067200,2
USR_067201,3
USR_067202,2
USR_067203,2
USR_067204,2
USR_067205,2
USR_067206,2
USR_067207,2
USR_067208,2
USR_067209,2
USR_067210,2
USR_067211,2
USR_067212,2
USR_067213,4
USR_067214,2
USR_067215,2
USR_067216,4
USR_067217,2
USR_067218,7
USR_067219,3
USR_067220,3
USR_067221,2
USR_067222,2
USR_067223,2
USR_067224,2
USR_067225,4
USR_067226,2
USR_067227,2
USR_067228,1
USR_067229,2
USR_067230,2
USR_067231,3
USR_067232,6
USR_067233,2
USR_067234,4
USR_067235,4
USR_067236,4
USR_067237,2
USR_067238,4
USR_067239,2
USR_067240,2
USR_067241,2
USR_067242,4
USR_067243,2
USR_067244,4
USR_067245,2
USR_067246,2
USR_067247,2
USR_067248,2
USR_067249,2
USR_067250,2
USR_067251,4
USR_067252,4
USR_067253,2
USR_067254,2
USR_067255,2
USR_067256,2
USR_067257,2
USR_067258,2
USR_067259,4
USR_067260,2
USR_067261,2
USR_067262,2
USR_067263,4
USR_067264,2
USR_067265,1
USR_067266,2
USR_067267,2
USR_067268,2
USR_067269,4
USR_067270,2
USR_067271,2
USR_067272,2
USR_067273,2
USR_067274,3
USR_067275,4
USR_067276,7
USR_067277,2
USR_067278,7
USR_067279,2
USR_067280,2
USR_067281,2
USR_067282,2
USR_067283,2
USR_067284,4
USR_067285,2
USR_067286,2
USR_067287,4
USR_067288,4
USR_067289,2
USR_067290,2
USR_067291,4
USR_067292,2
USR_067293,2
USR_067294,4
USR_067295,2
USR_067296,4
USR_067297,2
USR_067298,4
USR_067299,2
USR_067300,2
USR_067301,2
USR_067302,2
USR_067303,3
USR_067304,2
USR_067305,4
USR_067306,2
USR_067307,2
USR_067308,2
USR_067309,2
USR_067310,2
USR_067311,2
USR_067312,2
USR_067313,2
USR_067314,2
USR_067315,2
USR_067316,3
USR_067317,2
USR_067318,2
USR_067319,2
USR_067320,2
USR_067321,3
USR_067322,2
USR_067323,2
USR_067324,1
USR_067325,2
USR_067326,2
USR_067327,2
USR_067328,2
USR_067329,4
USR_067330,2
USR_067331,2
USR_067332,2
USR_067333,2
USR_067334,6
USR_067335,2
USR_067336,2
USR_067337,2
USR_067338,2
USR_067339,2
USR_067340,2
USR_067341,2
USR_067342,2
USR_067343,2
USR_067344,2
USR_067345,2
USR_067346,2
USR_067347,3
USR_067348,3
USR_067349,2
USR_067350,1
USR_067351,2
USR_067352,2
USR_067353,2
USR_067354,2
USR_067355,4
USR_067356,2
USR_067357,2
USR_067358,2
USR_067359,4
USR_067360,3
USR_067361,2
USR_067362,2
USR_067363,2
USR_067364,7
USR_067365,2
USR_067366,2
USR_067367,4
USR_067368,2
USR_067369,2
USR_067370,4
USR_067371,2
USR_067372,3
USR_067373,2
USR_067374,4
USR_067375,2
USR_067376,2
USR_067377,2
USR_067378,4
USR_067379,4
USR_067380,2
USR_067381,4
USR_067382,2
USR_067383,7
USR_067384,3
USR_067385,2
USR_067386,2
USR_067387,2
USR_067388,4
USR_067389,2
USR_067390,4
USR_067391,2
USR_067392,2
USR_067393,3
USR_067394,2
USR_067395,2
USR_067396,2
USR_067397,2
USR_067398,2
USR_067399,2
USR_067400,2
USR_067401,2
USR_067402,5
USR_067403,2
USR_067404,2
USR_067405,2
USR_067406,2
USR_067407,3
USR_067408,2
USR_067409,2
USR_067410,2
USR_067411,1
USR_067412,3
USR_067413,7
USR_067414,4
USR_067415,2
USR_067416,2
USR_067417,2
USR_067418,2
USR_067419,3
USR_067420,4
USR_067421,2
USR_067422,2
USR_067423,2
USR_067424,2
USR_067425,2
USR_067426,2
USR_067427,4
USR_067428,2
USR_067429,3
USR_067430,2
USR_067431,2
USR_067432,4
USR_067433,2
USR_067434,2
USR_067435,1
USR_067436,2
USR_067437,4
USR_067438,2
USR_067439,4
USR_067440,2
USR_067441,2
USR_067442,2
USR_067443,4
USR_067444,7
USR_067445,3
USR_067446,4
USR_067447,2
USR_067448,4
USR_067449,4
USR_067450,2
USR_067451,4
USR_067452,2
USR_067453,2
USR_067454,2
USR_067455,2
USR_067456,2
USR_067457,4
USR_067458,2
USR_067459,2
USR_067460,2
USR_067461,2
USR_067462,4
USR_067463,7
USR_067464,2
USR_067465,4
USR_067466,2
USR_067467,2
USR_067468,3
USR_067469,2
USR_067470,2
USR_067471,2
USR_067472,4
USR_067473,2
USR_067474,2
USR_067475,4
USR_067476,2
USR_067477,2
USR_067478,2
USR_067479,2
USR_067480,7
USR_067481,2
USR_067482,2
USR_067483,4
USR_067484,2
USR_067485,2
USR_067486,2
USR_067487,2
USR_067488,4
USR_067489,4
USR_067490,2
USR_067491,4
USR_067492,2
USR_067493,3
USR_067494,2
USR_067495,2
USR_067496,4
USR_067497,2
USR_067498,2
USR_067499,2
USR_067500,2
USR_067501,2
USR_067502,2
USR_067503,2
USR_067504,2
USR_067505,2
USR_067506,2
USR_067507,7
USR_067508,2
USR_067509,2
USR_067510,1
USR_067511,2
USR_067512,4
USR_067513,4
USR_067514,2
USR_067515,2
USR_067516,2
USR_067517,4
USR_067518,2
USR_067519,2
USR_067520,2
USR_067521,4
USR_067522,2
USR_067523,2
USR_067524,4
USR_067525,2
USR_067526,2
USR_067527,2
USR_067528,7
USR_067529,2
USR_067530,2
USR_067531,2
USR_067532,2
USR_067533,2
USR_067534,2
USR_067535,4
USR_067536,7
USR_067537,2
USR_067538,4
USR_067539,2
USR_067540,2
USR_067541,2
USR_067542,2
USR_067543,2
USR_067544,2
USR_067545,2
USR_067546,4
USR_067547,2
USR_067548,2
USR_067549,2
USR_067550,2
USR_067551,2
USR_067552,2
USR_067553,3
USR_067554,4
USR_067555,2
USR_067556,4
USR_067557,2
USR_067558,2
USR_067559,2
USR_067560,2
USR_067561,2
USR_067562,7
USR_067563,4
USR_067564,2
USR_067565,2
USR_067566,2
USR_067567,2
USR_067568,2
USR_067569,4
USR_067570,2
USR_067571,2
USR_067572,2
USR_067573,2
USR_067574,2
USR_067575,2
USR_067576,2
USR_067577,7
USR_067578,2
USR_067579,2
USR_067580,2
USR_067581,2
USR_067582,3
USR_067583,2
USR_067584,7
USR_067585,2
USR_067586,2
USR_067587,4
USR_067588,2
USR_067589,2
USR_067590,2
USR_067591,2
USR_067592,3
USR_067593,2
USR_067594,2
USR_067595,2
USR_067596,2
USR_067597,1
USR_067598,3
USR_067599,2
USR_067600,2
USR_067601,2
USR_067602,1
USR_067603,2
USR_067604,7
USR_067605,2
USR_067606,2
USR_067607,2
USR_067608,2
USR_067609,7
USR_067610,2
USR_067611,2
USR_067612,4
USR_067613,4
USR_067614,2
USR_067615,3
USR_067616,1
USR_067617,2
USR_067618,2
USR_067619,2
USR_067620,2
USR_067621,4
USR_067622,2
USR_067623,2
USR_067624,2
USR_067625,3
USR_067626,2
USR_067627,2
USR_067628,2
USR_067629,2
USR_067630,2
USR_067631,7
USR_067632,4
USR_067633,2
USR_067634,2
USR_067635,2
USR_067636,2
USR_067637,2
USR_067638,2
USR_067639,4
USR_067640,2
USR_067641,2
USR_067642,2
USR_067643,2
USR_067644,2
USR_067645,2
USR_067646,2
USR_067647,3
USR_067648,4
USR_067649,4
USR_067650,2
USR_067651,2
USR_067652,4
USR_067653,2
USR_067654,3
USR_067655,4
USR_067656,2
USR_067657,4
USR_067658,2
USR_067659,2
USR_067660,2
USR_067661,2
USR_067662,1
USR_067663,2
USR_067664,2
USR_067665,2
USR_067666,2
USR_067667,4
USR_067668,2
USR_067669,4
USR_067670,2
USR_067671,2
USR_067672,2
USR_067673,2
USR_067674,2
USR_067675,4
USR_067676,2
USR_067677,2
USR_067678,2
USR_067679,2
USR_067680,2
USR_067681,1
USR_067682,2
USR_067683,7
USR_067684,4
USR_067685,2
USR_067686,4
USR_067687,7
USR_067688,2
USR_067689,2
USR_067690,2
USR_067691,2
USR_067692,2
USR_067693,2
USR_067694,1
USR_067695,2
USR_067696,2
USR_067697,4
USR_067698,4
USR_067699,2
USR_067700,2
USR_067701,2
USR_067702,4
USR_067703,2
USR_067704,1
USR_067705,2
USR_067706,2
USR_067707,1
USR_067708,3
USR_067709,2
USR_067710,1
USR_067711,2
USR_067712,2
USR_067713,4
USR_067714,2
USR_067715,2
USR_067716,2
USR_067717,2
USR_067718,2
USR_067719,2
USR_067720,2
USR_067721,2
USR_067722,2
USR_067723,2
USR_067724,4
USR_067725,1
USR_067726,3
USR_067727,4
USR_067728,2
USR_067729,3
USR_067730,2
USR_067731,3
USR_067732,2
USR_067733,2
USR_067734,4
USR_067735,2
USR_067736,4
USR_067737,2
USR_067738,3
USR_067739,2
USR_067740,2
USR_067741,2
USR_067742,1
USR_067743,2
USR_067744,2
USR_067745,2
USR_067746,2
USR_067747,2
USR_067748,2
USR_067749,3
USR_067750,2
USR_067751,2
USR_067752,2
USR_067753,2
USR_067754,2
USR_067755,4
USR_067756,2
USR_067757,3
USR_067758,2
USR_067759,2
USR_067760,2
USR_067761,2
USR_067762,2
USR_067763,2
USR_067764,4
USR_067765,2
USR_067766,2
USR_067767,7
USR_067768,2
USR_067769,4
USR_067770,4
USR_067771,2
USR_067772,6
USR_067773,2
USR_067774,2
USR_067775,4
USR_067776,4
USR_067777,2
USR_067778,2
USR_067779,7
USR_067780,2
USR_067781,2
USR_067782,2
USR_067783,2
USR_067784,2
USR_067785,2
USR_067786,2
USR_067787,2
USR_067788,2
USR_067789,2
USR_067790,2
USR_067791,2
USR_067792,2
USR_067793,2
USR_067794,2
USR_067795,2
USR_067796,2
USR_067797,2
USR_067798,7
USR_067799,2
USR_067800,2
USR_067801,2
USR_067802,4
USR_067803,2
USR_067804,6
USR_067805,3
USR_067806,2
USR_067807,2
USR_067808,1
USR_067809,2
USR_067810,4
USR_067811,4
USR_067812,2
USR_067813,4
USR_067814,2
USR_067815,2
USR_067816,2
USR_067817,7
USR_067818,2
USR_067819,2
USR_067820,2
USR_067821,2
USR_067822,2
USR_067823,2
USR_067824,2
USR_067825,2
USR_067826,2
USR_067827,2
USR_067828,2
USR_067829,2
USR_067830,2
USR_067831,2
USR_067832,2
USR_067833,2
USR_067834,4
USR_067835,2
USR_067836,1
USR_067837,2
USR_067838,2
USR_067839,2
USR_067840,4
USR_067841,2
USR_067842,2
USR_067843,2
USR_067844,2
USR_067845,2
USR_067846,2
USR_067847,2
USR_067848,2
USR_067849,2
USR_067850,4
USR_067851,7
USR_067852,2
USR_067853,2
USR_067854,2
USR_067855,2
USR_067856,2
USR_067857,2
USR_067858,7
USR_067859,2
USR_067860,2
USR_067861,2
USR_067862,3
USR_067863,3
USR_067864,2
USR_067865,2
USR_067866,7
USR_067867,2
USR_067868,2
USR_067869,2
USR_067870,2
USR_067871,2
USR_067872,2
USR_067873,2
USR_067874,2
USR_067875,2
USR_067876,2
USR_067877,2
USR_067878,2
USR_067879,2
USR_067880,2
USR_067881,4
USR_067882,2
USR_067883,3
USR_067884,2
USR_067885,4
USR_067886,4
USR_067887,2
USR_067888,2
USR_067889,2
USR_067890,2
USR_067891,3
USR_067892,3
USR_067893,2
USR_067894,2
USR_067895,3
USR_067896,5
USR_067897,2
USR_067898,2
USR_067899,1
USR_067900,4
USR_067901,4
USR_067902,4
USR_067903,2
USR_067904,3
USR_067905,4
USR_067906,2
USR_067907,3
USR_067908,2
USR_067909,4
USR_067910,2
USR_067911,2
USR_067912,2
USR_067913,2
USR_067914,2
USR_067915,2
USR_067916,4
USR_067917,2
USR_067918,2
USR_067919,2
USR_067920,2
USR_067921,2
USR_067922,2
USR_067923,2
USR_067924,2
USR_067925,2
USR_067926,1
USR_067927,2
USR_067928,2
USR_067929,2
USR_067930,2
USR_067931,2
USR_067932,4
USR_067933,5
USR_067934,2
USR_067935,3
USR_067936,2
USR_067937,2
USR_067938,4
USR_067939,4
USR_067940,2
USR_067941,2
USR_067942,2
USR_067943,2
USR_067944,2
USR_067945,2
USR_067946,2
USR_067947,2
USR_067948,2
USR_067949,4
USR_067950,3
USR_067951,2
USR_067952,2
USR_067953,2
USR_067954,2
USR_067955,2
USR_067956,2
USR_067957,3
USR_067958,2
USR_067959,2
USR_067960,2
USR_067961,4
USR_067962,2
USR_067963,4
USR_067964,2
USR_067965,2
USR_067966,7
USR_067967,2
USR_067968,2
USR_067969,2
USR_067970,4
USR_067971,0
USR_067972,1
USR_067973,2
USR_067974,2
USR_067975,4
USR_067976,7
USR_067977,2
USR_067978,2
USR_067979,2
USR_067980,7
USR_067981,2
USR_067982,2
USR_067983,2
USR_067984,2
USR_067985,2
USR_067986,2
USR_067987,0
USR_067988,2
USR_067989,2
USR_067990,4
USR_067991,2
USR_067992,1
USR_067993,2
USR_067994,4
USR_067995,4
USR_067996,2
USR_067997,2
USR_067998,1
USR_067999,2
USR_068000,2
USR_068001,2
USR_068002,3
USR_068003,2
USR_068004,4
USR_068005,4
USR_068006,2
USR_068007,4
USR_068008,4
USR_068009,2
USR_068010,4
USR_068011,4
USR_068012,2
USR_068013,2
USR_068014,4
USR_068015,2
USR_068016,3
USR_068017,2
USR_068018,2
USR_068019,2
USR_068020,2
USR_068021,2
USR_068022,2
USR_068023,2
USR_068024,4
USR_068025,4
USR_068026,2
USR_068027,2
USR_068028,2
USR_068029,2
USR_068030,2
USR_068031,2
USR_068032,2
USR_068033,2
USR_068034,2
USR_068035,2
USR_068036,4
USR_068037,2
USR_068038,3
USR_068039,2
USR_068040,2
USR_068041,4
USR_068042,4
USR_068043,7
USR_068044,4
USR_068045,7
USR_068046,3
USR_068047,1
USR_068048,2
USR_068049,7
USR_068050,4
USR_068051,4
USR_068052,2
USR_068053,2
USR_068054,2
USR_068055,7
USR_068056,4
USR_068057,2
USR_068058,4
USR_068059,2
USR_068060,2
USR_068061,2
USR_068062,2
USR_068063,2
USR_068064,2
USR_068065,2
USR_068066,2
USR_068067,2
USR_068068,2
USR_068069,3
USR_068070,2
USR_068071,2
USR_068072,2
USR_068073,2
USR_068074,2
USR_068075,2
USR_068076,2
USR_068077,2
USR_068078,4
USR_068079,2
USR_068080,2
USR_068081,2
USR_068082,4
USR_068083,2
USR_068084,2
USR_068085,2
USR_068086,2
USR_068087,2
USR_068088,4
USR_068089,2
USR_068090,2
USR_068091,7
USR_068092,3
USR_068093,2
USR_068094,4
USR_068095,2
USR_068096,2
USR_068097,2
USR_068098,1
USR_068099,4
USR_068100,2
USR_068101,2
USR_068102,2
USR_068103,4
USR_068104,7
USR_068105,2
USR_068106,2
USR_068107,2
USR_068108,2
USR_068109,2
USR_068110,2
USR_068111,2
USR_068112,2
USR_068113,2
USR_068114,4
USR_068115,2
USR_068116,4
USR_068117,2
USR_068118,4
USR_068119,2
USR_068120,4
USR_068121,1
USR_068122,4
USR_068123,0
USR_068124,6
USR_068125,2
USR_068126,3
USR_068127,1
USR_068128,2
USR_068129,2
USR_068130,2
USR_068131,4
USR_068132,2
USR_068133,8
USR_068134,2
USR_068135,2
USR_068136,2
USR_068137,3
USR_068138,1
USR_068139,2
USR_068140,2
USR_068141,3
USR_068142,2
USR_068143,2
USR_068144,2
USR_068145,2
USR_068146,2
USR_068147,2
USR_068148,2
USR_068149,2
USR_068150,2
USR_068151,7
USR_068152,2
USR_068153,4
USR_068154,2
USR_068155,2
USR_068156,2
USR_068157,2
USR_068158,2
USR_068159,4
USR_068160,4
USR_068161,3
USR_068162,2
USR_068163,2
USR_068164,2
USR_068165,2
USR_068166,2
USR_068167,6
USR_068168,2
USR_068169,2
USR_068170,2
USR_068171,2
USR_068172,4
USR_068173,2
USR_068174,0
USR_068175,2
USR_068176,3
USR_068177,1
USR_068178,2
USR_068179,3
USR_068180,2
USR_068181,2
USR_068182,6
USR_068183,4
USR_068184,2
USR_068185,4
USR_068186,2
USR_068187,4
USR_068188,4
USR_068189,2
USR_068190,3
USR_068191,4
USR_068192,2
USR_068193,4
USR_068194,2
USR_068195,2
USR_068196,4
USR_068197,7
USR_068198,2
USR_068199,2
USR_068200,2
USR_068201,2
USR_068202,2
USR_068203,3
USR_068204,7
USR_068205,7
USR_068206,2
USR_068207,2
USR_068208,2
USR_068209,3
USR_068210,2
USR_068211,4
USR_068212,2
USR_068213,4
USR_068214,2
USR_068215,2
USR_068216,4
USR_068217,2
USR_068218,2
USR_068219,4
USR_068220,6
USR_068221,2
USR_068222,2
USR_068223,4
USR_068224,4
USR_068225,2
USR_068226,2
USR_068227,2
USR_068228,2
USR_068229,2
USR_068230,2
USR_068231,4
USR_068232,3
USR_068233,2
USR_068234,3
USR_068235,4
USR_068236,7
USR_068237,2
USR_068238,4
USR_068239,4
USR_068240,4
USR_068241,2
USR_068242,2
USR_068243,2
USR_068244,2
USR_068245,2
USR_068246,2
USR_068247,2
USR_068248,3
USR_068249,2
USR_068250,2
USR_068251,2
USR_068252,2
USR_068253,2
USR_068254,2
USR_068255,2
USR_068256,2
USR_068257,4
USR_068258,3
USR_068259,4
USR_068260,2
USR_068261,2
USR_068262,2
USR_068263,3
USR_068264,4
USR_068265,4
USR_068266,7
USR_068267,2
USR_068268,2
USR_068269,3
USR_068270,2
USR_068271,1
USR_068272,3
USR_068273,2
USR_068274,2
USR_068275,2
USR_068276,2
USR_068277,4
USR_068278,7
USR_068279,3
USR_068280,4
USR_068281,2
USR_068282,2
USR_068283,2
USR_068284,2
USR_068285,4
USR_068286,2
USR_068287,4
USR_068288,7
USR_068289,3
USR_068290,4
USR_068291,2
USR_068292,2
USR_068293,2
USR_068294,4
USR_068295,4
USR_068296,2
USR_068297,2
USR_068298,2
USR_068299,2
USR_068300,2
USR_068301,4
USR_068302,2
USR_068303,2
USR_068304,2
USR_068305,2
USR_068306,4
USR_068307,2
USR_068308,2
USR_068309,2
USR_068310,4
USR_068311,2
USR_068312,4
USR_068313,2
USR_068314,2
USR_068315,2
USR_068316,2
USR_068317,2
USR_068318,2
USR_068319,2
USR_068320,2
USR_068321,2
USR_068322,2
USR_068323,2
USR_068324,2
USR_068325,4
USR_068326,2
USR_068327,2
USR_068328,2
USR_068329,3
USR_068330,2
USR_068331,4
USR_068332,2
USR_068333,3
USR_068334,2
USR_068335,2
USR_068336,2
USR_068337,2
USR_068338,3
USR_068339,4
USR_068340,2
USR_068341,1
USR_068342,7
USR_068343,2
USR_068344,4
USR_068345,2
USR_068346,1
USR_068347,1
USR_068348,3
USR_068349,2
USR_068350,2
USR_068351,2
USR_068352,2
USR_068353,2
USR_068354,2
USR_068355,2
USR_068356,6
USR_068357,2
USR_068358,2
USR_068359,3
USR_068360,2
USR_068361,2
USR_068362,2
USR_068363,4
USR_068364,2
USR_068365,3
USR_068366,4
USR_068367,2
USR_068368,2
USR_068369,4
USR_068370,2
USR_068371,2
USR_068372,2
USR_068373,2
USR_068374,2
USR_068375,1
USR_068376,2
USR_068377,4
USR_068378,2
USR_068379,7
USR_068380,2
USR_068381,2
USR_068382,2
USR_068383,2
USR_068384,2
USR_068385,2
USR_068386,2
USR_068387,2
USR_068388,2
USR_068389,2
USR_068390,2
USR_068391,2
USR_068392,2
USR_068393,0
USR_068394,2
USR_068395,3
USR_068396,2
USR_068397,2
USR_068398,7
USR_068399,4
USR_068400,7
USR_068401,2
USR_068402,2
USR_068403,4
USR_068404,7
USR_068405,2
USR_068406,7
USR_068407,2
USR_068408,7
USR_068409,2
USR_068410,2
USR_068411,4
USR_068412,2
USR_068413,2
USR_068414,2
USR_068415,7
USR_068416,2
USR_068417,5
USR_068418,4
USR_068419,4
USR_068420,2
USR_068421,2
USR_068422,2
USR_068423,2
USR_068424,2
USR_068425,2
USR_068426,2
USR_068427,4
USR_068428,2
USR_068429,2
USR_068430,2
USR_068431,2
USR_068432,3
USR_068433,2
USR_068434,4
USR_068435,2
USR_068436,1
USR_068437,2
USR_068438,2
USR_068439,2
USR_068440,2
USR_068441,2
USR_068442,2
USR_068443,4
USR_068444,2
USR_068445,7
USR_068446,4
USR_068447,2
USR_068448,2
USR_068449,2
USR_068450,3
USR_068451,2
USR_068452,2
USR_068453,2
USR_068454,2
USR_068455,2
USR_068456,2
USR_068457,2
USR_068458,4
USR_068459,2
USR_068460,2
USR_068461,2
USR_068462,4
USR_068463,2
USR_068464,2
USR_068465,3
USR_068466,2
USR_068467,2
USR_068468,2
USR_068469,2
USR_068470,2
USR_068471,2
USR_068472,2
USR_068473,2
USR_068474,2
USR_068475,2
USR_068476,7
USR_068477,2
USR_068478,2
USR_068479,2
USR_068480,2
USR_068481,2
USR_068482,2
USR_068483,2
USR_068484,3
USR_068485,2
USR_068486,2
USR_068487,2
USR_068488,2
USR_068489,4
USR_068490,4
USR_068491,2
USR_068492,2
USR_068493,2
USR_068494,2
USR_068495,2
USR_068496,2
USR_068497,4
USR_068498,2
USR_068499,2
USR_068500,4
USR_068501,4
USR_068502,2
USR_068503,4
USR_068504,2
USR_068505,2
USR_068506,2
USR_068507,2
USR_068508,2
USR_068509,2
USR_068510,2
USR_068511,2
USR_068512,2
USR_068513,6
USR_068514,6
USR_068515,2
USR_068516,2
USR_068517,2
USR_068518,4
USR_068519,3
USR_068520,2
USR_068521,2
USR_068522,2
USR_068523,3
USR_068524,2
USR_068525,2
USR_068526,2
USR_068527,2
USR_068528,2
USR_068529,2
USR_068530,2
USR_068531,2
USR_068532,2
USR_068533,2
USR_068534,2
USR_068535,2
USR_068536,2
USR_068537,2
USR_068538,2
USR_068539,2
USR_068540,2
USR_068541,2
USR_068542,2
USR_068543,2
USR_068544,4
USR_068545,2
USR_068546,2
USR_068547,2
USR_068548,1
USR_068549,2
USR_068550,2
USR_068551,2
USR_068552,2
USR_068553,2
USR_068554,7
USR_068555,2
USR_068556,2
USR_068557,4
USR_068558,2
USR_068559,2
USR_068560,4
USR_068561,4
USR_068562,2
USR_068563,2
USR_068564,2
USR_068565,2
USR_068566,2
USR_068567,2
USR_068568,3
USR_068569,4
USR_068570,2
USR_068571,2
USR_068572,4
USR_068573,2
USR_068574,2
USR_068575,1
USR_068576,2
USR_068577,2
USR_068578,2
USR_068579,2
USR_068580,2
USR_068581,2
USR_068582,2
USR_068583,1
USR_068584,4
USR_068585,2
USR_068586,2
USR_068587,2
USR_068588,2
USR_068589,2
USR_068590,7
USR_068591,2
USR_068592,2
USR_068593,2
USR_068594,2
USR_068595,2
USR_068596,2
USR_068597,6
USR_068598,4
USR_068599,2
USR_068600,3
USR_068601,2
USR_068602,2
USR_068603,2
USR_068604,2
USR_068605,4
USR_068606,0
USR_068607,2
USR_068608,2
USR_068609,2
USR_068610,2
USR_068611,2
USR_068612,2
USR_068613,7
USR_068614,2
USR_068615,1
USR_068616,2
USR_068617,2
USR_068618,4
USR_068619,2
USR_068620,2
USR_068621,2
USR_068622,2
USR_068623,2
USR_068624,3
USR_068625,4
USR_068626,2
USR_068627,4
USR_068628,1
USR_068629,2
USR_068630,1
USR_068631,4
USR_068632,2
USR_068633,2
USR_068634,2
USR_068635,2
USR_068636,4
USR_068637,2
USR_068638,2
USR_068639,2
USR_068640,4
USR_068641,2
USR_068642,2
USR_068643,4
USR_068644,4
USR_068645,2
USR_068646,2
USR_068647,2
USR_068648,2
USR_068649,2
USR_068650,2
USR_068651,3
USR_068652,2
USR_068653,2
USR_068654,1
USR_068655,2
USR_068656,2
USR_068657,3
USR_068658,2
USR_068659,2
USR_068660,2
USR_068661,2
USR_068662,2
USR_068663,2
USR_068664,3
USR_068665,4
USR_068666,2
USR_068667,3
USR_068668,3
USR_068669,2
USR_068670,2
USR_068671,2
USR_068672,2
USR_068673,7
USR_068674,2
USR_068675,2
USR_068676,4
USR_068677,2
USR_068678,2
USR_068679,4
USR_068680,2
USR_068681,2
USR_068682,2
USR_068683,4
USR_068684,1
USR_068685,3
USR_068686,2
USR_068687,2
USR_068688,4
USR_068689,2
USR_068690,5
USR_068691,4
USR_068692,4
USR_068693,2
USR_068694,2
USR_068695,2
USR_068696,2
USR_068697,2
USR_068698,4
USR_068699,2
USR_068700,4
USR_068701,4
USR_068702,4
USR_068703,2
USR_068704,2
USR_068705,2
USR_068706,4
USR_068707,2
USR_068708,2
USR_068709,4
USR_068710,3
USR_068711,2
USR_068712,2
USR_068713,4
USR_068714,2
USR_068715,4
USR_068716,2
USR_068717,2
USR_068718,2
USR_068719,4
USR_068720,2
USR_068721,2
USR_068722,2
USR_068723,4
USR_068724,4
USR_068725,2
USR_068726,2
USR_068727,7
USR_068728,2
USR_068729,2
USR_068730,2
USR_068731,2
USR_068732,2
USR_068733,2
USR_068734,2
USR_068735,2
USR_068736,4
USR_068737,2
USR_068738,2
USR_068739,7
USR_068740,2
USR_068741,4
USR_068742,2
USR_068743,4
USR_068744,2
USR_068745,4
USR_068746,2
USR_068747,4
USR_068748,2
USR_068749,2
USR_068750,2
USR_068751,2
USR_068752,3
USR_068753,2
USR_068754,4
USR_068755,4
USR_068756,2
USR_068757,2
USR_068758,2
USR_068759,4
USR_068760,2
USR_068761,2
USR_068762,4
USR_068763,2
USR_068764,7
USR_068765,2
USR_068766,2
USR_068767,2
USR_068768,5
USR_068769,7
USR_068770,2
USR_068771,2
USR_068772,2
USR_068773,2
USR_068774,2
USR_068775,6
USR_068776,4
USR_068777,1
USR_068778,2
USR_068779,2
USR_068780,2
USR_068781,1
USR_068782,2
USR_068783,2
USR_068784,2
USR_068785,2
USR_068786,2
USR_068787,2
USR_068788,4
USR_068789,2
USR_068790,4
USR_068791,4
USR_068792,1
USR_068793,2
USR_068794,2
USR_068795,3
USR_068796,2
USR_068797,1
USR_068798,1
USR_068799,3
USR_068800,3
USR_068801,2
USR_068802,2
USR_068803,4
USR_068804,2
USR_068805,2
USR_068806,2
USR_068807,4
USR_068808,2
USR_068809,2
USR_068810,2
USR_068811,2
USR_068812,7
USR_068813,7
USR_068814,2
USR_068815,2
USR_068816,2
USR_068817,4
USR_068818,2
USR_068819,2
USR_068820,2
USR_068821,2
USR_068822,2
USR_068823,2
USR_068824,2
USR_068825,2
USR_068826,2
USR_068827,2
USR_068828,2
USR_068829,2
USR_068830,2
USR_068831,2
USR_068832,5
USR_068833,2
USR_068834,2
USR_068835,4
USR_068836,2
USR_068837,2
USR_068838,2
USR_068839,2
USR_068840,2
USR_068841,4
USR_068842,2
USR_068843,7
USR_068844,2
USR_068845,4
USR_068846,7
USR_068847,4
USR_068848,2
USR_068849,2
USR_068850,2
USR_068851,4
USR_068852,2
USR_068853,2
USR_068854,2
USR_068855,2
USR_068856,4
USR_068857,2
USR_068858,2
USR_068859,2
USR_068860,2
USR_068861,2
USR_068862,7
USR_068863,6
USR_068864,2
USR_068865,7
USR_068866,2
USR_068867,4
USR_068868,2
USR_068869,2
USR_068870,2
USR_068871,2
USR_068872,3
USR_068873,2
USR_068874,2
USR_068875,2
USR_068876,0
USR_068877,2
USR_068878,2
USR_068879,2
USR_068880,4
USR_068881,2
USR_068882,2
USR_068883,4
USR_068884,7
USR_068885,4
USR_068886,4
USR_068887,2
USR_068888,2
USR_068889,4
USR_068890,7
USR_068891,2
USR_068892,4
USR_068893,4
USR_068894,2
USR_068895,2
USR_068896,2
USR_068897,2
USR_068898,1
USR_068899,2
USR_068900,2
USR_068901,2
USR_068902,3
USR_068903,2
USR_068904,2
USR_068905,2
USR_068906,2
USR_068907,1
USR_068908,2
USR_068909,2
USR_068910,2
USR_068911,2
USR_068912,2
USR_068913,4
USR_068914,4
USR_068915,2
USR_068916,5
USR_068917,2
USR_068918,2
USR_068919,2
USR_068920,2
USR_068921,2
USR_068922,2
USR_068923,2
USR_068924,2
USR_068925,2
USR_068926,2
USR_068927,4
USR_068928,2
USR_068929,2
USR_068930,2
USR_068931,2
USR_068932,2
USR_068933,2
USR_068934,2
USR_068935,2
USR_068936,2
USR_068937,2
USR_068938,2
USR_068939,2
USR_068940,2
USR_068941,4
USR_068942,2
USR_068943,2
USR_068944,2
USR_068945,2
USR_068946,2
USR_068947,0
USR_068948,4
USR_068949,2
USR_068950,4
USR_068951,7
USR_068952,2
USR_068953,2
USR_068954,2
USR_068955,2
USR_068956,2
USR_068957,4
USR_068958,2
USR_068959,4
USR_068960,4
USR_068961,2
USR_068962,2
USR_068963,2
USR_068964,2
USR_068965,2
USR_068966,2
USR_068967,2
USR_068968,4
USR_068969,2
USR_068970,4
USR_068971,0
USR_068972,2
USR_068973,4
USR_068974,2
USR_068975,4
USR_068976,2
USR_068977,2
USR_068978,2
USR_068979,2
USR_068980,3
USR_068981,2
USR_068982,2
USR_068983,2
USR_068984,2
USR_068985,2
USR_068986,4
USR_068987,3
USR_068988,3
USR_068989,2
USR_068990,3
USR_068991,7
USR_068992,2
USR_068993,2
USR_068994,2
USR_068995,3
USR_068996,2
USR_068997,4
USR_068998,2
USR_068999,2
USR_069000,3
USR_069001,2
USR_069002,2
USR_069003,2
USR_069004,2
USR_069005,4
USR_069006,2
USR_069007,2
USR_069008,4
USR_069009,4
USR_069010,2
USR_069011,4
USR_069012,4
USR_069013,2
USR_069014,2
USR_069015,2
USR_069016,2
USR_069017,2
USR_069018,2
USR_069019,2
USR_069020,4
USR_069021,2
USR_069022,2
USR_069023,2
USR_069024,2
USR_069025,2
USR_069026,2
USR_069027,2
USR_069028,2
USR_069029,2
USR_069030,2
USR_069031,3
USR_069032,2
USR_069033,2
USR_069034,2
USR_069035,3
USR_069036,4
USR_069037,2
USR_069038,2
USR_069039,2
USR_069040,1
USR_069041,2
USR_069042,2
USR_069043,2
USR_069044,2
USR_069045,3
USR_069046,2
USR_069047,2
USR_069048,2
USR_069049,2
USR_069050,2
USR_069051,2
USR_069052,4
USR_069053,4
USR_069054,2
USR_069055,4
USR_069056,2
USR_069057,2
USR_069058,2
USR_069059,2
USR_069060,2
USR_069061,4
USR_069062,2
USR_069063,2
USR_069064,3
USR_069065,2
USR_069066,4
USR_069067,2
USR_069068,2
USR_069069,2
USR_069070,2
USR_069071,2
USR_069072,3
USR_069073,2
USR_069074,4
USR_069075,2
USR_069076,4
USR_069077,3
USR_069078,2
USR_069079,4
USR_069080,2
USR_069081,2
USR_069082,2
USR_069083,2
USR_069084,4
USR_069085,2
USR_069086,1
USR_069087,3
USR_069088,2
USR_069089,2
USR_069090,2
USR_069091,2
USR_069092,2
USR_069093,2
USR_069094,4
USR_069095,2
USR_069096,2
USR_069097,2
USR_069098,2
USR_069099,2
USR_069100,2
USR_069101,4
USR_069102,2
USR_069103,2
USR_069104,2
USR_069105,7
USR_069106,2
USR_069107,2
USR_069108,2
USR_069109,2
USR_069110,2
USR_069111,7
USR_069112,1
USR_069113,4
USR_069114,2
USR_069115,2
USR_069116,2
USR_069117,2
USR_069118,2
USR_069119,2
USR_069120,2
USR_069121,2
USR_069122,2
USR_069123,2
USR_069124,2
USR_069125,2
USR_069126,2
USR_069127,2
USR_069128,2
USR_069129,2
USR_069130,2
USR_069131,2
USR_069132,2
USR_069133,6
USR_069134,2
USR_069135,4
USR_069136,2
USR_069137,2
USR_069138,2
USR_069139,2
USR_069140,4
USR_069141,2
USR_069142,2
USR_069143,2
USR_069144,2
USR_069145,4
USR_069146,2
USR_069147,2
USR_069148,2
USR_069149,2
USR_069150,2
USR_069151,3
USR_069152,2
USR_069153,4
USR_069154,1
USR_069155,2
USR_069156,4
USR_069157,2
USR_069158,2
USR_069159,4
USR_069160,2
USR_069161,2
USR_069162,7
USR_069163,2
USR_069164,4
USR_069165,2
USR_069166,3
USR_069167,4
USR_069168,2
USR_069169,1
USR_069170,4
USR_069171,2
USR_069172,2
USR_069173,3
USR_069174,2
USR_069175,2
USR_069176,2
USR_069177,2
USR_069178,2
USR_069179,2
USR_069180,2
USR_069181,2
USR_069182,2
USR_069183,2
USR_069184,2
USR_069185,2
USR_069186,2
USR_069187,2
USR_069188,7
USR_069189,1
USR_069190,2
USR_069191,2
USR_069192,2
USR_069193,2
USR_069194,2
USR_069195,2
USR_069196,2
USR_069197,2
USR_069198,7
USR_069199,2
USR_069200,2
USR_069201,2
USR_069202,2
USR_069203,2
USR_069204,2
USR_069205,2
USR_069206,2
USR_069207,2
USR_069208,3
USR_069209,2
USR_069210,4
USR_069211,2
USR_069212,2
USR_069213,2
USR_069214,2
USR_069215,4
USR_069216,2
USR_069217,2
USR_069218,4
USR_069219,2
USR_069220,4
USR_069221,2
USR_069222,4
USR_069223,2
USR_069224,2
USR_069225,2
USR_069226,4
USR_069227,2
USR_069228,2
USR_069229,2
USR_069230,3
USR_069231,4
USR_069232,3
USR_069233,2
USR_069234,2
USR_069235,3
USR_069236,2
USR_069237,2
USR_069238,4
USR_069239,2
USR_069240,2
USR_069241,2
USR_069242,2
USR_069243,2
USR_069244,4
USR_069245,4
USR_069246,2
USR_069247,2
USR_069248,2
USR_069249,4
USR_069250,2
USR_069251,2
USR_069252,2
USR_069253,2
USR_069254,2
USR_069255,7
USR_069256,2
USR_069257,4
USR_069258,2
USR_069259,4
USR_069260,4
USR_069261,2
USR_069262,2
USR_069263,2
USR_069264,2
USR_069265,2
USR_069266,4
USR_069267,2
USR_069268,3
USR_069269,2
USR_069270,4
USR_069271,2
USR_069272,2
USR_069273,4
USR_069274,1
USR_069275,7
USR_069276,2
USR_069277,4
USR_069278,2
USR_069279,2
USR_069280,4
USR_069281,2
USR_069282,2
USR_069283,4
USR_069284,4
USR_069285,2
USR_069286,2
USR_069287,2
USR_069288,2
USR_069289,2
USR_069290,3
USR_069291,3
USR_069292,2
USR_069293,2
USR_069294,4
USR_069295,2
USR_069296,2
USR_069297,4
USR_069298,2
USR_069299,2
USR_069300,3
USR_069301,2
USR_069302,2
USR_069303,4
USR_069304,3
USR_069305,4
USR_069306,2
USR_069307,4
USR_069308,2
USR_069309,2
USR_069310,2
USR_069311,2
USR_069312,1
USR_069313,2
USR_069314,2
USR_069315,2
USR_069316,2
USR_069317,4
USR_069318,2
USR_069319,2
USR_069320,3
USR_069321,2
USR_069322,2
USR_069323,2
USR_069324,2
USR_069325,2
USR_069326,2
USR_069327,2
USR_069328,2
USR_069329,2
USR_069330,2
USR_069331,3
USR_069332,2
USR_069333,2
USR_069334,2
USR_069335,4
USR_069336,2
USR_069337,2
USR_069338,2
USR_069339,4
USR_069340,2
USR_069341,2
USR_069342,2
USR_069343,2
USR_069344,2
USR_069345,2
USR_069346,2
USR_069347,3
USR_069348,2
USR_069349,2
USR_069350,7
USR_069351,4
USR_069352,2
USR_069353,2
USR_069354,2
USR_069355,7
USR_069356,2
USR_069357,4
USR_069358,4
USR_069359,2
USR_069360,3
USR_069361,2
USR_069362,3
USR_069363,2
USR_069364,4
USR_069365,2
USR_069366,2
USR_069367,2
USR_069368,1
USR_069369,2
USR_069370,4
USR_069371,2
USR_069372,2
USR_069373,2
USR_069374,3
USR_069375,2
USR_069376,2
USR_069377,2
USR_069378,2
USR_069379,2
USR_069380,4
USR_069381,2
USR_069382,2
USR_069383,2
USR_069384,2
USR_069385,4
USR_069386,2
USR_069387,4
USR_069388,2
USR_069389,2
USR_069390,2
USR_069391,4
USR_069392,2
USR_069393,2
USR_069394,2
USR_069395,2
USR_069396,2
USR_069397,4
USR_069398,4
USR_069399,2
USR_069400,2
USR_069401,2
USR_069402,2
USR_069403,2
USR_069404,2
USR_069405,2
USR_069406,2
USR_069407,2
USR_069408,2
USR_069409,2
USR_069410,4
USR_069411,1
USR_069412,2
USR_069413,4
USR_069414,2
USR_069415,4
USR_069416,4
USR_069417,4
USR_069418,2
USR_069419,2
USR_069420,2
USR_069421,2
USR_069422,2
USR_069423,2
USR_069424,2
USR_069425,3
USR_069426,2
USR_069427,3
USR_069428,4
USR_069429,2
USR_069430,2
USR_069431,2
USR_069432,2
USR_069433,2
USR_069434,2
USR_069435,7
USR_069436,4
USR_069437,2
USR_069438,7
USR_069439,5
USR_069440,2
USR_069441,6
USR_069442,2
USR_069443,2
USR_069444,4
USR_069445,2
USR_069446,0
USR_069447,4
USR_069448,2
USR_069449,2
USR_069450,2
USR_069451,2
USR_069452,3
USR_069453,2
USR_069454,4
USR_069455,4
USR_069456,2
USR_069457,2
USR_069458,6
USR_069459,2
USR_069460,4
USR_069461,2
USR_069462,2
USR_069463,2
USR_069464,2
USR_069465,2
USR_069466,4
USR_069467,7
USR_069468,2
USR_069469,2
USR_069470,2
USR_069471,2
USR_069472,2
USR_069473,4
USR_069474,2
USR_069475,2
USR_069476,2
USR_069477,2
USR_069478,2
USR_069479,2
USR_069480,2
USR_069481,2
USR_069482,2
USR_069483,2
USR_069484,2
USR_069485,2
USR_069486,2
USR_069487,2
USR_069488,2
USR_069489,1
USR_069490,2
USR_069491,2
USR_069492,2
USR_069493,2
USR_069494,1
USR_069495,2
USR_069496,2
USR_069497,2
USR_069498,3
USR_069499,2
USR_069500,2
USR_069501,2
USR_069502,4
USR_069503,2
USR_069504,5
USR_069505,2
USR_069506,2
USR_069507,2
USR_069508,4
USR_069509,2
USR_069510,2
USR_069511,2
USR_069512,2
USR_069513,4
USR_069514,7
USR_069515,2
USR_069516,2
USR_069517,2
USR_069518,2
USR_069519,3
USR_069520,2
USR_069521,2
USR_069522,2
USR_069523,2
USR_069524,4
USR_069525,2
USR_069526,2
USR_069527,2
USR_069528,2
USR_069529,7
USR_069530,2
USR_069531,3
USR_069532,3
USR_069533,2
USR_069534,2
USR_069535,2
USR_069536,2
USR_069537,2
USR_069538,2
USR_069539,2
USR_069540,2
USR_069541,4
USR_069542,2
USR_069543,2
USR_069544,2
USR_069545,2
USR_069546,2
USR_069547,2
USR_069548,2
USR_069549,1
USR_069550,2
USR_069551,2
USR_069552,2
USR_069553,2
USR_069554,2
USR_069555,2
USR_069556,2
USR_069557,2
USR_069558,2
USR_069559,2
USR_069560,2
USR_069561,2
USR_069562,4
USR_069563,2
USR_069564,2
USR_069565,2
USR_069566,2
USR_069567,4
USR_069568,2
USR_069569,2
USR_069570,2
USR_069571,2
USR_069572,2
USR_069573,3
USR_069574,4
USR_069575,2
USR_069576,4
USR_069577,2
USR_069578,2
USR_069579,7
USR_069580,2
USR_069581,4
USR_069582,2
USR_069583,2
USR_069584,3
USR_069585,2
USR_069586,2
USR_069587,2
USR_069588,4
USR_069589,2
USR_069590,2
USR_069591,2
USR_069592,2
USR_069593,2
USR_069594,7
USR_069595,3
USR_069596,2
USR_069597,3
USR_069598,2
USR_069599,1
USR_069600,2
USR_069601,2
USR_069602,2
USR_069603,2
USR_069604,2
USR_069605,4
USR_069606,4
USR_069607,2
USR_069608,2
USR_069609,2
USR_069610,2
USR_069611,0
USR_069612,4
USR_069613,4
USR_069614,2
USR_069615,2
USR_069616,2
USR_069617,7
USR_069618,2
USR_069619,2
USR_069620,2
USR_069621,2
USR_069622,2
USR_069623,2
USR_069624,3
USR_069625,4
USR_069626,2
USR_069627,2
USR_069628,2
USR_069629,2
USR_069630,2
USR_069631,4
USR_069632,2
USR_069633,2
USR_069634,2
USR_069635,2
USR_069636,2
USR_069637,4
USR_069638,2
USR_069639,4
USR_069640,2
USR_069641,2
USR_069642,2
USR_069643,2
USR_069644,2
USR_069645,2
USR_069646,2
USR_069647,4
USR_069648,4
USR_069649,0
USR_069650,3
USR_069651,4
USR_069652,2
USR_069653,2
USR_069654,3
USR_069655,2
USR_069656,2
USR_069657,2
USR_069658,2
USR_069659,2
USR_069660,2
USR_069661,2
USR_069662,2
USR_069663,2
USR_069664,2
USR_069665,7
USR_069666,2
USR_069667,2
USR_069668,4
USR_069669,2
USR_069670,2
USR_069671,2
USR_069672,4
USR_069673,2
USR_069674,3
USR_069675,2
USR_069676,4
USR_069677,2
USR_069678,2
USR_069679,1
USR_069680,2
USR_069681,4
USR_069682,2
USR_069683,4
USR_069684,2
USR_069685,2
USR_069686,2
USR_069687,2
USR_069688,4
USR_069689,2
USR_069690,3
USR_069691,4
USR_069692,2
USR_069693,2
USR_069694,0
USR_069695,2
USR_069696,2
USR_069697,2
USR_069698,2
USR_069699,2
USR_069700,2
USR_069701,2
USR_069702,2
USR_069703,4
USR_069704,2
USR_069705,7
USR_069706,2
USR_069707,7
USR_069708,2
USR_069709,2
USR_069710,2
USR_069711,3
USR_069712,4
USR_069713,2
USR_069714,2
USR_069715,2
USR_069716,2
USR_069717,2
USR_069718,6
USR_069719,2
USR_069720,7
USR_069721,2
USR_069722,2
USR_069723,4
USR_069724,2
USR_069725,4
USR_069726,2
USR_069727,2
USR_069728,2
USR_069729,2
USR_069730,2
USR_069731,4
USR_069732,2
USR_069733,3
USR_069734,2
USR_069735,4
USR_069736,2
USR_069737,2
USR_069738,2
USR_069739,3
USR_069740,2
USR_069741,2
USR_069742,2
USR_069743,2
USR_069744,4
USR_069745,2
USR_069746,2
USR_069747,3
USR_069748,4
USR_069749,2
USR_069750,2
USR_069751,2
USR_069752,2
USR_069753,4
USR_069754,2
USR_069755,2
USR_069756,4
USR_069757,4
USR_069758,2
USR_069759,4
USR_069760,2
USR_069761,2
USR_069762,2
USR_069763,7
USR_069764,2
USR_069765,2
USR_069766,2
USR_069767,2
USR_069768,4
USR_069769,2
USR_069770,2
USR_069771,2
USR_069772,2
USR_069773,2
USR_069774,2
USR_069775,4
USR_069776,2
USR_069777,2
USR_069778,4
USR_069779,2
USR_069780,2
USR_069781,2
USR_069782,2
USR_069783,2
USR_069784,2
USR_069785,3
USR_069786,4
USR_069787,2
USR_069788,2
USR_069789,2
USR_069790,3
USR_069791,2
USR_069792,2
USR_069793,4
USR_069794,2
USR_069795,2
USR_069796,2
USR_069797,2
USR_069798,2
USR_069799,2
USR_069800,1
USR_069801,2
USR_069802,2
USR_069803,3
USR_069804,2
USR_069805,4
USR_069806,1
USR_069807,2
USR_069808,4
USR_069809,7
USR_069810,2
USR_069811,2
USR_069812,2
USR_069813,2
USR_069814,2
USR_069815,2
USR_069816,2
USR_069817,3
USR_069818,2
USR_069819,2
USR_069820,2
USR_069821,2
USR_069822,2
USR_069823,2
USR_069824,4
USR_069825,2
USR_069826,4
USR_069827,4
USR_069828,2
USR_069829,2
USR_069830,2
USR_069831,2
USR_069832,2
USR_069833,4
USR_069834,4
USR_069835,2
USR_069836,4
USR_069837,2
USR_069838,4
USR_069839,1
USR_069840,2
USR_069841,2
USR_069842,2
USR_069843,4
USR_069844,4
USR_069845,2
USR_069846,1
USR_069847,2
USR_069848,2
USR_069849,2
USR_069850,2
USR_069851,3
USR_069852,2
USR_069853,6
USR_069854,3
USR_069855,2
USR_069856,2
USR_069857,2
USR_069858,2
USR_069859,4
USR_069860,2
USR_069861,2
USR_069862,3
USR_069863,2
USR_069864,2
USR_069865,6
USR_069866,2
USR_069867,2
USR_069868,2
USR_069869,2
USR_069870,2
USR_069871,2
USR_069872,2
USR_069873,2
USR_069874,2
USR_069875,2
USR_069876,2
USR_069877,2
USR_069878,2
USR_069879,2
USR_069880,2
USR_069881,2
USR_069882,2
USR_069883,2
USR_069884,2
USR_069885,2
USR_069886,2
USR_069887,2
USR_069888,0
USR_069889,2
USR_069890,3
USR_069891,2
USR_069892,2
USR_069893,2
USR_069894,2
USR_069895,2
USR_069896,2
USR_069897,4
USR_069898,2
USR_069899,2
USR_069900,2
USR_069901,2
USR_069902,2
USR_069903,2
USR_069904,4
USR_069905,3
USR_069906,2
USR_069907,2
USR_069908,2
USR_069909,4
USR_069910,2
USR_069911,4
USR_069912,2
USR_069913,2
USR_069914,2
USR_069915,2
USR_069916,1
USR_069917,2
USR_069918,4
USR_069919,4
USR_069920,2
USR_069921,2
USR_069922,4
USR_069923,2
USR_069924,2
USR_069925,2
USR_069926,4
USR_069927,3
USR_069928,3
USR_069929,2
USR_069930,2
USR_069931,2
USR_069932,2
USR_069933,2
USR_069934,2
USR_069935,2
USR_069936,2
USR_069937,2
USR_069938,7
USR_069939,2
USR_069940,4
USR_069941,2
USR_069942,2
USR_069943,4
USR_069944,2
USR_069945,4
USR_069946,2
USR_069947,2
USR_069948,2
USR_069949,2
USR_069950,2
USR_069951,4
USR_069952,2
USR_069953,2
USR_069954,4
USR_069955,2
USR_069956,2
USR_069957,2
USR_069958,4
USR_069959,4
USR_069960,2
USR_069961,2
USR_069962,2
USR_069963,2
USR_069964,4
USR_069965,2
USR_069966,2
USR_069967,2
USR_069968,2
USR_069969,2
USR_069970,4
USR_069971,3
USR_069972,2
USR_069973,2
USR_069974,3
USR_069975,2
USR_069976,4
USR_069977,2
USR_069978,7
USR_069979,4
USR_069980,2
USR_069981,2
USR_069982,4
USR_069983,2
USR_069984,2
USR_069985,2
USR_069986,2
USR_069987,2
USR_069988,7
USR_069989,2
USR_069990,2
USR_069991,2
USR_069992,2
USR_069993,2
USR_069994,2
USR_069995,7
USR_069996,2
USR_069997,6
USR_069998,2
USR_069999,2
USR_070000,2
USR_070001,2
USR_070002,2
USR_070003,2
USR_070004,2
USR_070005,2
USR_070006,2
USR_070007,2
USR_070008,4
USR_070009,2
USR_070010,2
USR_070011,2
USR_070012,2
USR_070013,4
USR_070014,2
USR_070015,2
USR_070016,2
USR_070017,3
USR_070018,5
USR_070019,2
USR_070020,2
USR_070021,2
USR_070022,2
USR_070023,1
USR_070024,2
USR_070025,2
USR_070026,2
USR_070027,2
USR_070028,2
USR_070029,2
USR_070030,2
USR_070031,2
USR_070032,2
USR_070033,2
USR_070034,2
USR_070035,2
USR_070036,2
USR_070037,7
USR_070038,2
USR_070039,2
USR_070040,4
USR_070041,2
USR_070042,2
USR_070043,7
USR_070044,2
USR_070045,4
USR_070046,2
USR_070047,4
USR_070048,2
USR_070049,2
USR_070050,2
USR_070051,1
USR_070052,3
USR_070053,2
USR_070054,3
USR_070055,0
USR_070056,4
USR_070057,2
USR_070058,2
USR_070059,2
USR_070060,4
USR_070061,2
USR_070062,2
USR_070063,2
USR_070064,2
USR_070065,3
USR_070066,2
USR_070067,4
USR_070068,2
USR_070069,2
USR_070070,2
USR_070071,7
USR_070072,2
USR_070073,3
USR_070074,7
USR_070075,2
USR_070076,3
USR_070077,7
USR_070078,6
USR_070079,2
USR_070080,1
USR_070081,2
USR_070082,0
USR_070083,2
USR_070084,2
USR_070085,2
USR_070086,2
USR_070087,2
USR_070088,2
USR_070089,1
USR_070090,2
USR_070091,7
USR_070092,2
USR_070093,2
USR_070094,2
USR_070095,2
USR_070096,2
USR_070097,2
USR_070098,2
USR_070099,2
USR_070100,3
USR_070101,2
USR_070102,4
USR_070103,2
USR_070104,1
USR_070105,1
USR_070106,2
USR_070107,4
USR_070108,2
USR_070109,2
USR_070110,6
USR_070111,2
USR_070112,2
USR_070113,2
USR_070114,2
USR_070115,2
USR_070116,2
USR_070117,2
USR_070118,2
USR_070119,2
USR_070120,2
USR_070121,2
USR_070122,2
USR_070123,2
USR_070124,3
USR_070125,2
USR_070126,2
USR_070127,2
USR_070128,2
USR_070129,2
USR_070130,2
USR_070131,2
USR_070132,2
USR_070133,2
USR_070134,2
USR_070135,2
USR_070136,4
USR_070137,3
USR_070138,2
USR_070139,3
USR_070140,2
USR_070141,2
USR_070142,2
USR_070143,4
USR_070144,2
USR_070145,2
USR_070146,2
USR_070147,2
USR_070148,2
USR_070149,1
USR_070150,2
USR_070151,6
USR_070152,2
USR_070153,2
USR_070154,4
USR_070155,4
USR_070156,4
USR_070157,3
USR_070158,2
USR_070159,2
USR_070160,2
USR_070161,2
USR_070162,4
USR_070163,2
USR_070164,4
USR_070165,2
USR_070166,2
USR_070167,2
USR_070168,2
USR_070169,2
USR_070170,3
USR_070171,2
USR_070172,2
USR_070173,2
USR_070174,2
USR_070175,2
USR_070176,2
USR_070177,2
USR_070178,4
USR_070179,4
USR_070180,2
USR_070181,4
USR_070182,2
USR_070183,2
USR_070184,2
USR_070185,2
USR_070186,2
USR_070187,4
USR_070188,2
USR_070189,2
USR_070190,2
USR_070191,2
USR_070192,2
USR_070193,2
USR_070194,1
USR_070195,2
USR_070196,2
USR_070197,4
USR_070198,7
USR_070199,4
USR_070200,2
USR_070201,2
USR_070202,2
USR_070203,2
USR_070204,2
USR_070205,2
USR_070206,2
USR_070207,2
USR_070208,2
USR_070209,2
USR_070210,2
USR_070211,2
USR_070212,4
USR_070213,4
USR_070214,2
USR_070215,2
USR_070216,2
USR_070217,2
USR_070218,2
USR_070219,2
USR_070220,2
USR_070221,2
USR_070222,2
USR_070223,7
USR_070224,2
USR_070225,2
USR_070226,4
USR_070227,6
USR_070228,2
USR_070229,2
USR_070230,2
USR_070231,1
USR_070232,3
USR_070233,2
USR_070234,2
USR_070235,2
USR_070236,2
USR_070237,2
USR_070238,4
USR_070239,2
USR_070240,1
USR_070241,2
USR_070242,2
USR_070243,7
USR_070244,2
USR_070245,2
USR_070246,2
USR_070247,3
USR_070248,2
USR_070249,2
USR_070250,7
USR_070251,2
USR_070252,4
USR_070253,2
USR_070254,4
USR_070255,2
USR_070256,4
USR_070257,2
USR_070258,2
USR_070259,2
USR_070260,4
USR_070261,2
USR_070262,4
USR_070263,2
USR_070264,2
USR_070265,2
USR_070266,4
USR_070267,3
USR_070268,2
USR_070269,0
USR_070270,2
USR_070271,2
USR_070272,3
USR_070273,2
USR_070274,2
USR_070275,4
USR_070276,2
USR_070277,2
USR_070278,2
USR_070279,2
USR_070280,2
USR_070281,2
USR_070282,3
USR_070283,2
USR_070284,2
USR_070285,2
USR_070286,3
USR_070287,7
USR_070288,2
USR_070289,2
USR_070290,2
USR_070291,2
USR_070292,2
USR_070293,2
USR_070294,2
USR_070295,2
USR_070296,2
USR_070297,2
USR_070298,2
USR_070299,2
USR_070300,2
USR_070301,2
USR_070302,2
USR_070303,4
USR_070304,1
USR_070305,2
USR_070306,2
USR_070307,4
USR_070308,2
USR_070309,2
USR_070310,2
USR_070311,4
USR_070312,2
USR_070313,3
USR_070314,2
USR_070315,2
USR_070316,2
USR_070317,2
USR_070318,4
USR_070319,4
USR_070320,2
USR_070321,2
USR_070322,2
USR_070323,4
USR_070324,2
USR_070325,2
USR_070326,1
USR_070327,2
USR_070328,4
USR_070329,2
USR_070330,4
USR_070331,3
USR_070332,2
USR_070333,2
USR_070334,2
USR_070335,2
USR_070336,2
USR_070337,4
USR_070338,2
USR_070339,4
USR_070340,2
USR_070341,4
USR_070342,2
USR_070343,7
USR_070344,2
USR_070345,2
USR_070346,2
USR_070347,2
USR_070348,2
USR_070349,1
USR_070350,2
USR_070351,4
USR_070352,2
USR_070353,2
USR_070354,2
USR_070355,2
USR_070356,3
USR_070357,1
USR_070358,4
USR_070359,4
USR_070360,2
USR_070361,4
USR_070362,4
USR_070363,2
USR_070364,2
USR_070365,2
USR_070366,2
USR_070367,2
USR_070368,2
USR_070369,4
USR_070370,2
USR_070371,2
USR_070372,2
USR_070373,4
USR_070374,2
USR_070375,2
USR_070376,2
USR_070377,2
USR_070378,2
USR_070379,2
USR_070380,7
USR_070381,2
USR_070382,2
USR_070383,2
USR_070384,2
USR_070385,3
USR_070386,4
USR_070387,2
USR_070388,2
USR_070389,2
USR_070390,2
USR_070391,2
USR_070392,2
USR_070393,2
USR_070394,4
USR_070395,3
USR_070396,2
USR_070397,2
USR_070398,2
USR_070399,4
USR_070400,4
USR_070401,2
USR_070402,2
USR_070403,4
USR_070404,2
USR_070405,2
USR_070406,2
USR_070407,2
USR_070408,2
USR_070409,2
USR_070410,2
USR_070411,2
USR_070412,4
USR_070413,2
USR_070414,4
USR_070415,2
USR_070416,4
USR_070417,2
USR_070418,2
USR_070419,2
USR_070420,2
USR_070421,2
USR_070422,2
USR_070423,2
USR_070424,2
USR_070425,4
USR_070426,4
USR_070427,2
USR_070428,1
USR_070429,2
USR_070430,2
USR_070431,2
USR_070432,2
USR_070433,2
USR_070434,2
USR_070435,2
USR_070436,2
USR_070437,2
USR_070438,4
USR_070439,2
USR_070440,2
USR_070441,2
USR_070442,2
USR_070443,2
USR_070444,2
USR_070445,1
USR_070446,2
USR_070447,2
USR_070448,2
USR_070449,2
USR_070450,4
USR_070451,4
USR_070452,2
USR_070453,2
USR_070454,2
USR_070455,1
USR_070456,7
USR_070457,4
USR_070458,2
USR_070459,4
USR_070460,2
USR_070461,4
USR_070462,2
USR_070463,4
USR_070464,1
USR_070465,4
USR_070466,3
USR_070467,4
USR_070468,7
USR_070469,4
USR_070470,2
USR_070471,4
USR_070472,2
USR_070473,4
USR_070474,2
USR_070475,4
USR_070476,5
USR_070477,2
USR_070478,7
USR_070479,2
USR_070480,2
USR_070481,3
USR_070482,3
USR_070483,2
USR_070484,2
USR_070485,2
USR_070486,4
USR_070487,2
USR_070488,2
USR_070489,2
USR_070490,2
USR_070491,2
USR_070492,4
USR_070493,2
USR_070494,2
USR_070495,2
USR_070496,2
USR_070497,2
USR_070498,1
USR_070499,2
USR_070500,7
USR_070501,2
USR_070502,4
USR_070503,1
USR_070504,2
USR_070505,2
USR_070506,4
USR_070507,4
USR_070508,2
USR_070509,7
USR_070510,3
USR_070511,2
USR_070512,2
USR_070513,2
USR_070514,3
USR_070515,4
USR_070516,6
USR_070517,2
USR_070518,2
USR_070519,3
USR_070520,4
USR_070521,2
USR_070522,3
USR_070523,2
USR_070524,2
USR_070525,2
USR_070526,2
USR_070527,4
USR_070528,7
USR_070529,2
USR_070530,3
USR_070531,2
USR_070532,2
USR_070533,4
USR_070534,2
USR_070535,2
USR_070536,2
USR_070537,2
USR_070538,4
USR_070539,1
USR_070540,4
USR_070541,2
USR_070542,2
USR_070543,2
USR_070544,4
USR_070545,2
USR_070546,2
USR_070547,2
USR_070548,2
USR_070549,2
USR_070550,2
USR_070551,2
USR_070552,2
USR_070553,2
USR_070554,4
USR_070555,2
USR_070556,2
USR_070557,4
USR_070558,2
USR_070559,2
USR_070560,2
USR_070561,2
USR_070562,2
USR_070563,2
USR_070564,2
USR_070565,3
USR_070566,2
USR_070567,2
USR_070568,2
USR_070569,2
USR_070570,2
USR_070571,2
USR_070572,2
USR_070573,4
USR_070574,2
USR_070575,2
USR_070576,2
USR_070577,4
USR_070578,4
USR_070579,3
USR_070580,2
USR_070581,4
USR_070582,2
USR_070583,2
USR_070584,2
USR_070585,2
USR_070586,4
USR_070587,2
USR_070588,2
USR_070589,2
USR_070590,2
USR_070591,2
USR_070592,2
USR_070593,4
USR_070594,2
USR_070595,3
USR_070596,2
USR_070597,2
USR_070598,2
USR_070599,2
USR_070600,1
USR_070601,2
USR_070602,2
USR_070603,2
USR_070604,2
USR_070605,2
USR_070606,2
USR_070607,5
USR_070608,2
USR_070609,2
USR_070610,2
USR_070611,2
USR_070612,2
USR_070613,4
USR_070614,2
USR_070615,4
USR_070616,2
USR_070617,2
USR_070618,4
USR_070619,4
USR_070620,2
USR_070621,4
USR_070622,2
USR_070623,3
USR_070624,2
USR_070625,2
USR_070626,2
USR_070627,7
USR_070628,2
USR_070629,2
USR_070630,2
USR_070631,2
USR_070632,4
USR_070633,3
USR_070634,1
USR_070635,2
USR_070636,2
USR_070637,7
USR_070638,2
USR_070639,4
USR_070640,2
USR_070641,2
USR_070642,2
USR_070643,2
USR_070644,2
USR_070645,4
USR_070646,2
USR_070647,2
USR_070648,2
USR_070649,2
USR_070650,2
USR_070651,2
USR_070652,2
USR_070653,2
USR_070654,3
USR_070655,2
USR_070656,2
USR_070657,2
USR_070658,2
USR_070659,2
USR_070660,3
USR_070661,2
USR_070662,2
USR_070663,4
USR_070664,2
USR_070665,2
USR_070666,4
USR_070667,2
USR_070668,2
USR_070669,2
USR_070670,2
USR_070671,2
USR_070672,2
USR_070673,2
USR_070674,2
USR_070675,2
USR_070676,4
USR_070677,2
USR_070678,2
USR_070679,2
USR_070680,2
USR_070681,2
USR_070682,2
USR_070683,2
USR_070684,2
USR_070685,2
USR_070686,2
USR_070687,2
USR_070688,1
USR_070689,2
USR_070690,2
USR_070691,2
USR_070692,2
USR_070693,2
USR_070694,2
USR_070695,2
USR_070696,2
USR_070697,2
USR_070698,2
USR_070699,2
USR_070700,2
USR_070701,4
USR_070702,4
USR_070703,2
USR_070704,2
USR_070705,2
USR_070706,4
USR_070707,2
USR_070708,4
USR_070709,2
USR_070710,2
USR_070711,2
USR_070712,2
USR_070713,2
USR_070714,6
USR_070715,2
USR_070716,2
USR_070717,2
USR_070718,2
USR_070719,4
USR_070720,1
USR_070721,7
USR_070722,2
USR_070723,2
USR_070724,2
USR_070725,2
USR_070726,4
USR_070727,2
USR_070728,2
USR_070729,4
USR_070730,2
USR_070731,2
USR_070732,2
USR_070733,2
USR_070734,2
USR_070735,4
USR_070736,2
USR_070737,4
USR_070738,2
USR_070739,2
USR_070740,2
USR_070741,2
USR_070742,2
USR_070743,6
USR_070744,7
USR_070745,2
USR_070746,2
USR_070747,2
USR_070748,2
USR_070749,2
USR_070750,2
USR_070751,4
USR_070752,4
USR_070753,4
USR_070754,2
USR_070755,2
USR_070756,2
USR_070757,2
USR_070758,2
USR_070759,2
USR_070760,4
USR_070761,2
USR_070762,2
USR_070763,2
USR_070764,2
USR_070765,4
USR_070766,1
USR_070767,3
USR_070768,2
USR_070769,6
USR_070770,2
USR_070771,4
USR_070772,2
USR_070773,2
USR_070774,2
USR_070775,2
USR_070776,1
USR_070777,2
USR_070778,2
USR_070779,3
USR_070780,2
USR_070781,4
USR_070782,2
USR_070783,2
USR_070784,2
USR_070785,4
USR_070786,2
USR_070787,4
USR_070788,2
USR_070789,2
USR_070790,2
USR_070791,2
USR_070792,2
USR_070793,2
USR_070794,2
USR_070795,1
USR_070796,2
USR_070797,3
USR_070798,2
USR_070799,2
USR_070800,2
USR_070801,4
USR_070802,2
USR_070803,2
USR_070804,1
USR_070805,2
USR_070806,4
USR_070807,1
USR_070808,2
USR_070809,2
USR_070810,2
USR_070811,2
USR_070812,2
USR_070813,6
USR_070814,2
USR_070815,2
USR_070816,2
USR_070817,3
USR_070818,2
USR_070819,4
USR_070820,2
USR_070821,3
USR_070822,2
USR_070823,2
USR_070824,4
USR_070825,7
USR_070826,2
USR_070827,2
USR_070828,4
USR_070829,2
USR_070830,2
USR_070831,4
USR_070832,2
USR_070833,7
USR_070834,2
USR_070835,2
USR_070836,4
USR_070837,2
USR_070838,4
USR_070839,2
USR_070840,2
USR_070841,2
USR_070842,2
USR_070843,2
USR_070844,4
USR_070845,2
USR_070846,7
USR_070847,2
USR_070848,2
USR_070849,4
USR_070850,2
USR_070851,4
USR_070852,2
USR_070853,2
USR_070854,4
USR_070855,2
USR_070856,2
USR_070857,2
USR_070858,2
USR_070859,2
USR_070860,2
USR_070861,2
USR_070862,4
USR_070863,1
USR_070864,2
USR_070865,3
USR_070866,2
USR_070867,2
USR_070868,2
USR_070869,2
USR_070870,2
USR_070871,2
USR_070872,2
USR_070873,2
USR_070874,3
USR_070875,2
USR_070876,2
USR_070877,2
USR_070878,4
USR_070879,2
USR_070880,2
USR_070881,7
USR_070882,7
USR_070883,2
USR_070884,2
USR_070885,3
USR_070886,2
USR_070887,4
USR_070888,2
USR_070889,4
USR_070890,2
USR_070891,2
USR_070892,4
USR_070893,2
USR_070894,2
USR_070895,2
USR_070896,2
USR_070897,4
USR_070898,2
USR_070899,2
USR_070900,2
USR_070901,2
USR_070902,2
USR_070903,2
USR_070904,2
USR_070905,2
USR_070906,2
USR_070907,2
USR_070908,4
USR_070909,2
USR_070910,3
USR_070911,2
USR_070912,2
USR_070913,4
USR_070914,2
USR_070915,2
USR_070916,1
USR_070917,1
USR_070918,3
USR_070919,2
USR_070920,2
USR_070921,2
USR_070922,3
USR_070923,4
USR_070924,2
USR_070925,2
USR_070926,2
USR_070927,2
USR_070928,2
USR_070929,2
USR_070930,4
USR_070931,2
USR_070932,2
USR_070933,2
USR_070934,5
USR_070935,3
USR_070936,2
USR_070937,2
USR_070938,4
USR_070939,2
USR_070940,2
USR_070941,4
USR_070942,4
USR_070943,7
USR_070944,2
USR_070945,3
USR_070946,4
USR_070947,2
USR_070948,2
USR_070949,2
USR_070950,2
USR_070951,2
USR_070952,2
USR_070953,4
USR_070954,2
USR_070955,2
USR_070956,2
USR_070957,4
USR_070958,2
USR_070959,2
USR_070960,4
USR_070961,2
USR_070962,2
USR_070963,2
USR_070964,2
USR_070965,2
USR_070966,2
USR_070967,4
USR_070968,4
USR_070969,2
USR_070970,2
USR_070971,2
USR_070972,4
USR_070973,2
USR_070974,2
USR_070975,3
USR_070976,3
USR_070977,3
USR_070978,2
USR_070979,4
USR_070980,7
USR_070981,2
USR_070982,2
USR_070983,2
USR_070984,7
USR_070985,2
USR_070986,7
USR_070987,2
USR_070988,2
USR_070989,2
USR_070990,2
USR_070991,3
USR_070992,2
USR_070993,2
USR_070994,2
USR_070995,7
USR_070996,4
USR_070997,4
USR_070998,4
USR_070999,4
USR_071000,2
USR_071001,4
USR_071002,2
USR_071003,2
USR_071004,2
USR_071005,3
USR_071006,2
USR_071007,2
USR_071008,1
USR_071009,2
USR_071010,4
USR_071011,2
USR_071012,2
USR_071013,2
USR_071014,2
USR_071015,0
USR_071016,2
USR_071017,7
USR_071018,2
USR_071019,2
USR_071020,6
USR_071021,2
USR_071022,2
USR_071023,2
USR_071024,3
USR_071025,2
USR_071026,4
USR_071027,2
USR_071028,2
USR_071029,2
USR_071030,2
USR_071031,2
USR_071032,2
USR_071033,4
USR_071034,2
USR_071035,2
USR_071036,4
USR_071037,2
USR_071038,2
USR_071039,2
USR_071040,2
USR_071041,2
USR_071042,2
USR_071043,2
USR_071044,3
USR_071045,2
USR_071046,2
USR_071047,2
USR_071048,2
USR_071049,4
USR_071050,5
USR_071051,4
USR_071052,2
USR_071053,4
USR_071054,2
USR_071055,2
USR_071056,2
USR_071057,4
USR_071058,2
USR_071059,2
USR_071060,2
USR_071061,2
USR_071062,1
USR_071063,2
USR_071064,2
USR_071065,2
USR_071066,2
USR_071067,2
USR_071068,4
USR_071069,2
USR_071070,4
USR_071071,2
USR_071072,2
USR_071073,2
USR_071074,2
USR_071075,2
USR_071076,2
USR_071077,2
USR_071078,2
USR_071079,3
USR_071080,4
USR_071081,2
USR_071082,2
USR_071083,4
USR_071084,2
USR_071085,2
USR_071086,2
USR_071087,2
USR_071088,2
USR_071089,2
USR_071090,3
USR_071091,2
USR_071092,2
USR_071093,4
USR_071094,2
USR_071095,4
USR_071096,2
USR_071097,2
USR_071098,4
USR_071099,2
USR_071100,2
USR_071101,2
USR_071102,2
USR_071103,2
USR_071104,2
USR_071105,2
USR_071106,2
USR_071107,2
USR_071108,4
USR_071109,4
USR_071110,2
USR_071111,4
USR_071112,2
USR_071113,2
USR_071114,2
USR_071115,2
USR_071116,2
USR_071117,2
USR_071118,3
USR_071119,2
USR_071120,1
USR_071121,2
USR_071122,2
USR_071123,2
USR_071124,2
USR_071125,2
USR_071126,2
USR_071127,2
USR_071128,2
USR_071129,2
USR_071130,2
USR_071131,2
USR_071132,2
USR_071133,2
USR_071134,2
USR_071135,2
USR_071136,2
USR_071137,4
USR_071138,2
USR_071139,2
USR_071140,4
USR_071141,2
USR_071142,3
USR_071143,2
USR_071144,2
USR_071145,2
USR_071146,2
USR_071147,4
USR_071148,7
USR_071149,2
USR_071150,4
USR_071151,6
USR_071152,4
USR_071153,2
USR_071154,2
USR_071155,4
USR_071156,2
USR_071157,2
USR_071158,2
USR_071159,2
USR_071160,4
USR_071161,4
USR_071162,2
USR_071163,4
USR_071164,2
USR_071165,2
USR_071166,2
USR_071167,6
USR_071168,2
USR_071169,2
USR_071170,4
USR_071171,2
USR_071172,1
USR_071173,2
USR_071174,2
USR_071175,4
USR_071176,2
USR_071177,2
USR_071178,2
USR_071179,2
USR_071180,4
USR_071181,4
USR_071182,3
USR_071183,4
USR_071184,2
USR_071185,2
USR_071186,2
USR_071187,2
USR_071188,2
USR_071189,2
USR_071190,4
USR_071191,2
USR_071192,2
USR_071193,2
USR_071194,2
USR_071195,2
USR_071196,2
USR_071197,2
USR_071198,2
USR_071199,4
USR_071200,4
USR_071201,2
USR_071202,2
USR_071203,2
USR_071204,3
USR_071205,2
USR_071206,3
USR_071207,2
USR_071208,4
USR_071209,2
USR_071210,6
USR_071211,4
USR_071212,2
USR_071213,2
USR_071214,4
USR_071215,4
USR_071216,2
USR_071217,4
USR_071218,4
USR_071219,4
USR_071220,2
USR_071221,2
USR_071222,2
USR_071223,2
USR_071224,1
USR_071225,2
USR_071226,2
USR_071227,2
USR_071228,2
USR_071229,2
USR_071230,2
USR_071231,4
USR_071232,3
USR_071233,2
USR_071234,4
USR_071235,3
USR_071236,2
USR_071237,2
USR_071238,2
USR_071239,2
USR_071240,2
USR_071241,4
USR_071242,2
USR_071243,2
USR_071244,2
USR_071245,2
USR_071246,2
USR_071247,1
USR_071248,2
USR_071249,3
USR_071250,4
USR_071251,2
USR_071252,2
USR_071253,2
USR_071254,2
USR_071255,2
USR_071256,3
USR_071257,2
USR_071258,4
USR_071259,3
USR_071260,2
USR_071261,2
USR_071262,2
USR_071263,2
USR_071264,2
USR_071265,2
USR_071266,4
USR_071267,2
USR_071268,2
USR_071269,2
USR_071270,4
USR_071271,2
USR_071272,1
USR_071273,3
USR_071274,2
USR_071275,2
USR_071276,4
USR_071277,2
USR_071278,2
USR_071279,2
USR_071280,4
USR_071281,1
USR_071282,2
USR_071283,3
USR_071284,2
USR_071285,2
USR_071286,2
USR_071287,2
USR_071288,2
USR_071289,2
USR_071290,2
USR_071291,2
USR_071292,2
USR_071293,2
USR_071294,2
USR_071295,2
USR_071296,7
USR_071297,5
USR_071298,2
USR_071299,2
USR_071300,2
USR_071301,2
USR_071302,1
USR_071303,1
USR_071304,7
USR_071305,4
USR_071306,1
USR_071307,4
USR_071308,7
USR_071309,2
USR_071310,3
USR_071311,2
USR_071312,2
USR_071313,4
USR_071314,2
USR_071315,2
USR_071316,2
USR_071317,2
USR_071318,2
USR_071319,2
USR_071320,2
USR_071321,2
USR_071322,2
USR_071323,2
USR_071324,6
USR_071325,7
USR_071326,2
USR_071327,2
USR_071328,2
USR_071329,2
USR_071330,2
USR_071331,3
USR_071332,4
USR_071333,2
USR_071334,2
USR_071335,2
USR_071336,3
USR_071337,4
USR_071338,2
USR_071339,2
USR_071340,4
USR_071341,2
USR_071342,2
USR_071343,2
USR_071344,2
USR_071345,2
USR_071346,2
USR_071347,2
USR_071348,2
USR_071349,2
USR_071350,4
USR_071351,2
USR_071352,4
USR_071353,4
USR_071354,2
USR_071355,4
USR_071356,2
USR_071357,2
USR_071358,4
USR_071359,2
USR_071360,2
USR_071361,2
USR_071362,2
USR_071363,1
USR_071364,2
USR_071365,3
USR_071366,2
USR_071367,2
USR_071368,4
USR_071369,2
USR_071370,2
USR_071371,2
USR_071372,2
USR_071373,2
USR_071374,4
USR_071375,2
USR_071376,1
USR_071377,2
USR_071378,2
USR_071379,1
USR_071380,7
USR_071381,4
USR_071382,2
USR_071383,2
USR_071384,2
USR_071385,4
USR_071386,2
USR_071387,2
USR_071388,4
USR_071389,7
USR_071390,2
USR_071391,7
USR_071392,2
USR_071393,2
USR_071394,2
USR_071395,2
USR_071396,2
USR_071397,2
USR_071398,2
USR_071399,2
USR_071400,2
USR_071401,2
USR_071402,2
USR_071403,2
USR_071404,0
USR_071405,7
USR_071406,4
USR_071407,4
USR_071408,2
USR_071409,4
USR_071410,2
USR_071411,2
USR_071412,2
USR_071413,2
USR_071414,2
USR_071415,1
USR_071416,2
USR_071417,4
USR_071418,2
USR_071419,2
USR_071420,2
USR_071421,2
USR_071422,2
USR_071423,2
USR_071424,2
USR_071425,2
USR_071426,2
USR_071427,2
USR_071428,3
USR_071429,5
USR_071430,3
USR_071431,3
USR_071432,4
USR_071433,2
USR_071434,2
USR_071435,2
USR_071436,2
USR_071437,6
USR_071438,2
USR_071439,2
USR_071440,2
USR_071441,2
USR_071442,2
USR_071443,4
USR_071444,1
USR_071445,4
USR_071446,3
USR_071447,2
USR_071448,2
USR_071449,2
USR_071450,3
USR_071451,2
USR_071452,2
USR_071453,2
USR_071454,2
USR_071455,2
USR_071456,2
USR_071457,4
USR_071458,2
USR_071459,2
USR_071460,2
USR_071461,2
USR_071462,2
USR_071463,4
USR_071464,2
USR_071465,2
USR_071466,2
USR_071467,4
USR_071468,2
USR_071469,2
USR_071470,2
USR_071471,2
USR_071472,4
USR_071473,2
USR_071474,1
USR_071475,7
USR_071476,4
USR_071477,4
USR_071478,2
USR_071479,2
USR_071480,3
USR_071481,7
USR_071482,2
USR_071483,2
USR_071484,2
USR_071485,7
USR_071486,2
USR_071487,4
USR_071488,2
USR_071489,7
USR_071490,2
USR_071491,2
USR_071492,2
USR_071493,2
USR_071494,2
USR_071495,2
USR_071496,4
USR_071497,2
USR_071498,4
USR_071499,4
USR_071500,2
USR_071501,2
USR_071502,2
USR_071503,4
USR_071504,2
USR_071505,5
USR_071506,4
USR_071507,2
USR_071508,2
USR_071509,3
USR_071510,2
USR_071511,3
USR_071512,4
USR_071513,2
USR_071514,5
USR_071515,2
USR_071516,2
USR_071517,2
USR_071518,7
USR_071519,2
USR_071520,2
USR_071521,4
USR_071522,2
USR_071523,2
USR_071524,2
USR_071525,2
USR_071526,2
USR_071527,2
USR_071528,2
USR_071529,4
USR_071530,2
USR_071531,2
USR_071532,3
USR_071533,2
USR_071534,2
USR_071535,4
USR_071536,2
USR_071537,2
USR_071538,4
USR_071539,2
USR_071540,4
USR_071541,1
USR_071542,2
USR_071543,2
USR_071544,2
USR_071545,4
USR_071546,2
USR_071547,2
USR_071548,2
USR_071549,2
USR_071550,2
USR_071551,2
USR_071552,2
USR_071553,2
USR_071554,7
USR_071555,2
USR_071556,2
USR_071557,4
USR_071558,4
USR_071559,2
USR_071560,2
USR_071561,2
USR_071562,2
USR_071563,7
USR_071564,2
USR_071565,4
USR_071566,2
USR_071567,3
USR_071568,2
USR_071569,2
USR_071570,2
USR_071571,2
USR_071572,2
USR_071573,3
USR_071574,4
USR_071575,4
USR_071576,1
USR_071577,3
USR_071578,2
USR_071579,2
USR_071580,4
USR_071581,2
USR_071582,2
USR_071583,2
USR_071584,2
USR_071585,2
USR_071586,2
USR_071587,2
USR_071588,2
USR_071589,2
USR_071590,7
USR_071591,4
USR_071592,2
USR_071593,2
USR_071594,2
USR_071595,2
USR_071596,2
USR_071597,4
USR_071598,2
USR_071599,2
USR_071600,4
USR_071601,2
USR_071602,2
USR_071603,2
USR_071604,2
USR_071605,2
USR_071606,7
USR_071607,2
USR_071608,2
USR_071609,2
USR_071610,3
USR_071611,2
USR_071612,4
USR_071613,2
USR_071614,2
USR_071615,2
USR_071616,4
USR_071617,5
USR_071618,2
USR_071619,2
USR_071620,4
USR_071621,4
USR_071622,2
USR_071623,4
USR_071624,2
USR_071625,4
USR_071626,2
USR_071627,2
USR_071628,2
USR_071629,2
USR_071630,4
USR_071631,2
USR_071632,2
USR_071633,2
USR_071634,2
USR_071635,2
USR_071636,2
USR_071637,2
USR_071638,3
USR_071639,2
USR_071640,2
USR_071641,2
USR_071642,2
USR_071643,2
USR_071644,2
USR_071645,2
USR_071646,2
USR_071647,2
USR_071648,2
USR_071649,7
USR_071650,7
USR_071651,2
USR_071652,2
USR_071653,2
USR_071654,2
USR_071655,4
USR_071656,2
USR_071657,2
USR_071658,2
USR_071659,4
USR_071660,2
USR_071661,2
USR_071662,2
USR_071663,2
USR_071664,2
USR_071665,2
USR_071666,2
USR_071667,2
USR_071668,2
USR_071669,2
USR_071670,2
USR_071671,3
USR_071672,2
USR_071673,7
USR_071674,2
USR_071675,2
USR_071676,2
USR_071677,4
USR_071678,2
USR_071679,2
USR_071680,2
USR_071681,2
USR_071682,2
USR_071683,2
USR_071684,4
USR_071685,2
USR_071686,2
USR_071687,2
USR_071688,2
USR_071689,2
USR_071690,4
USR_071691,2
USR_071692,2
USR_071693,1
USR_071694,4
USR_071695,2
USR_071696,2
USR_071697,4
USR_071698,5
USR_071699,7
USR_071700,4
USR_071701,2
USR_071702,4
USR_071703,2
USR_071704,2
USR_071705,2
USR_071706,2
USR_071707,2
USR_071708,2
USR_071709,2
USR_071710,2
USR_071711,2
USR_071712,2
USR_071713,2
USR_071714,7
USR_071715,2
USR_071716,2
USR_071717,2
USR_071718,2
USR_071719,2
USR_071720,2
USR_071721,2
USR_071722,2
USR_071723,2
USR_071724,2
USR_071725,2
USR_071726,2
USR_071727,2
USR_071728,2
USR_071729,3
USR_071730,4
USR_071731,2
USR_071732,2
USR_071733,2
USR_071734,7
USR_071735,1
USR_071736,2
USR_071737,4
USR_071738,4
USR_071739,4
USR_071740,2
USR_071741,2
USR_071742,4
USR_071743,2
USR_071744,2
USR_071745,2
USR_071746,2
USR_071747,5
USR_071748,2
USR_071749,2
USR_071750,4
USR_071751,2
USR_071752,2
USR_071753,2
USR_071754,2
USR_071755,2
USR_071756,2
USR_071757,4
USR_071758,2
USR_071759,2
USR_071760,2
USR_071761,2
USR_071762,2
USR_071763,2
USR_071764,2
USR_071765,2
USR_071766,2
USR_071767,4
USR_071768,1
USR_071769,2
USR_071770,2
USR_071771,2
USR_071772,2
USR_071773,2
USR_071774,2
USR_071775,4
USR_071776,2
USR_071777,2
USR_071778,2
USR_071779,2
USR_071780,2
USR_071781,2
USR_071782,2
USR_071783,4
USR_071784,4
USR_071785,1
USR_071786,2
USR_071787,2
USR_071788,2
USR_071789,2
USR_071790,3
USR_071791,2
USR_071792,2
USR_071793,2
USR_071794,4
USR_071795,4
USR_071796,2
USR_071797,4
USR_071798,2
USR_071799,2
USR_071800,3
USR_071801,2
USR_071802,2
USR_071803,2
USR_071804,2
USR_071805,2
USR_071806,2
USR_071807,2
USR_071808,4
USR_071809,2
USR_071810,2
USR_071811,3
USR_071812,4
USR_071813,1
USR_071814,2
USR_071815,2
USR_071816,2
USR_071817,2
USR_071818,3
USR_071819,2
USR_071820,2
USR_071821,2
USR_071822,4
USR_071823,4
USR_071824,2
USR_071825,2
USR_071826,2
USR_071827,4
USR_071828,2
USR_071829,2
USR_071830,2
USR_071831,4
USR_071832,4
USR_071833,4
USR_071834,2
USR_071835,7
USR_071836,2
USR_071837,2
USR_071838,4
USR_071839,2
USR_071840,2
USR_071841,4
USR_071842,2
USR_071843,2
USR_071844,2
USR_071845,2
USR_071846,4
USR_071847,2
USR_071848,3
USR_071849,2
USR_071850,2
USR_071851,2
USR_071852,3
USR_071853,7
USR_071854,2
USR_071855,2
USR_071856,2
USR_071857,2
USR_071858,2
USR_071859,2
USR_071860,3
USR_071861,2
USR_071862,2
USR_071863,2
USR_071864,4
USR_071865,2
USR_071866,2
USR_071867,2
USR_071868,2
USR_071869,2
USR_071870,7
USR_071871,2
USR_071872,2
USR_071873,2
USR_071874,4
USR_071875,2
USR_071876,2
USR_071877,4
USR_071878,2
USR_071879,2
USR_071880,2
USR_071881,2
USR_071882,2
USR_071883,4
USR_071884,2
USR_071885,4
USR_071886,4
USR_071887,2
USR_071888,4
USR_071889,4
USR_071890,2
USR_071891,7
USR_071892,2
USR_071893,2
USR_071894,2
USR_071895,2
USR_071896,2
USR_071897,3
USR_071898,2
USR_071899,4
USR_071900,3
USR_071901,1
USR_071902,2
USR_071903,4
USR_071904,2
USR_071905,2
USR_071906,2
USR_071907,4
USR_071908,4
USR_071909,2
USR_071910,2
USR_071911,7
USR_071912,3
USR_071913,2
USR_071914,4
USR_071915,3
USR_071916,7
USR_071917,3
USR_071918,2
USR_071919,3
USR_071920,2
USR_071921,2
USR_071922,2
USR_071923,2
USR_071924,4
USR_071925,2
USR_071926,2
USR_071927,4
USR_071928,4
USR_071929,2
USR_071930,2
USR_071931,2
USR_071932,2
USR_071933,4
USR_071934,2
USR_071935,2
USR_071936,2
USR_071937,2
USR_071938,2
USR_071939,2
USR_071940,2
USR_071941,2
USR_071942,2
USR_071943,0
USR_071944,2
USR_071945,2
USR_071946,2
USR_071947,2
USR_071948,2
USR_071949,2
USR_071950,2
USR_071951,4
USR_071952,4
USR_071953,4
USR_071954,2
USR_071955,2
USR_071956,2
USR_071957,2
USR_071958,4
USR_071959,2
USR_071960,2
USR_071961,3
USR_071962,6
USR_071963,2
USR_071964,4
USR_071965,2
USR_071966,4
USR_071967,2
USR_071968,2
USR_071969,3
USR_071970,3
USR_071971,2
USR_071972,2
USR_071973,2
USR_071974,4
USR_071975,7
USR_071976,2
USR_071977,2
USR_071978,4
USR_071979,2
USR_071980,2
USR_071981,2
USR_071982,2
USR_071983,2
USR_071984,2
USR_071985,2
USR_071986,7
USR_071987,2
USR_071988,3
USR_071989,2
USR_071990,2
USR_071991,2
USR_071992,2
USR_071993,2
USR_071994,2
USR_071995,7
USR_071996,3
USR_071997,4
USR_071998,2
USR_071999,2
USR_072000,2
USR_072001,4
USR_072002,2
USR_072003,2
USR_072004,2
USR_072005,2
USR_072006,2
USR_072007,2
USR_072008,4
USR_072009,4
USR_072010,2
USR_072011,2
USR_072012,6
USR_072013,4
USR_072014,4
USR_072015,2
USR_072016,2
USR_072017,2
USR_072018,7
USR_072019,4
USR_072020,2
USR_072021,2
USR_072022,2
USR_072023,3
USR_072024,4
USR_072025,2
USR_072026,2
USR_072027,2
USR_072028,2
USR_072029,2
USR_072030,4
USR_072031,4
USR_072032,7
USR_072033,2
USR_072034,2
USR_072035,2
USR_072036,2
USR_072037,2
USR_072038,2
USR_072039,4
USR_072040,2
USR_072041,2
USR_072042,2
USR_072043,2
USR_072044,3
USR_072045,3
USR_072046,6
USR_072047,2
USR_072048,7
USR_072049,4
USR_072050,2
USR_072051,3
USR_072052,2
USR_072053,2
USR_072054,2
USR_072055,7
USR_072056,4
USR_072057,2
USR_072058,7
USR_072059,2
USR_072060,4
USR_072061,2
USR_072062,2
USR_072063,2
USR_072064,3
USR_072065,4
USR_072066,4
USR_072067,4
USR_072068,2
USR_072069,4
USR_072070,2
USR_072071,2
USR_072072,2
USR_072073,2
USR_072074,4
USR_072075,2
USR_072076,2
USR_072077,2
USR_072078,2
USR_072079,2
USR_072080,4
USR_072081,2
USR_072082,4
USR_072083,4
USR_072084,2
USR_072085,2
USR_072086,2
USR_072087,4
USR_072088,2
USR_072089,2
USR_072090,1
USR_072091,4
USR_072092,2
USR_072093,2
USR_072094,2
USR_072095,2
USR_072096,2
USR_072097,2
USR_072098,4
USR_072099,4
USR_072100,2
USR_072101,2
USR_072102,2
USR_072103,4
USR_072104,4
USR_072105,2
USR_072106,4
USR_072107,4
USR_072108,3
USR_072109,2
USR_072110,2
USR_072111,2
USR_072112,2
USR_072113,1
USR_072114,2
USR_072115,4
USR_072116,0
USR_072117,4
USR_072118,2
USR_072119,2
USR_072120,1
USR_072121,2
USR_072122,2
USR_072123,2
USR_072124,2
USR_072125,2
USR_072126,1
USR_072127,2
USR_072128,4
USR_072129,2
USR_072130,7
USR_072131,2
USR_072132,2
USR_072133,2
USR_072134,4
USR_072135,2
USR_072136,2
USR_072137,2
USR_072138,2
USR_072139,7
USR_072140,2
USR_072141,2
USR_072142,2
USR_072143,4
USR_072144,2
USR_072145,4
USR_072146,3
USR_072147,2
USR_072148,2
USR_072149,7
USR_072150,2
USR_072151,2
USR_072152,2
USR_072153,2
USR_072154,2
USR_072155,4
USR_072156,2
USR_072157,4
USR_072158,2
USR_072159,2
USR_072160,2
USR_072161,2
USR_072162,2
USR_072163,2
USR_072164,2
USR_072165,4
USR_072166,3
USR_072167,2
USR_072168,7
USR_072169,2
USR_072170,2
USR_072171,2
USR_072172,7
USR_072173,2
USR_072174,2
USR_072175,2
USR_072176,2
USR_072177,2
USR_072178,2
USR_072179,6
USR_072180,7
USR_072181,2
USR_072182,4
USR_072183,4
USR_072184,4
USR_072185,2
USR_072186,2
USR_072187,4
USR_072188,2
USR_072189,2
USR_072190,2
USR_072191,2
USR_072192,2
USR_072193,2
USR_072194,2
USR_072195,2
USR_072196,2
USR_072197,2
USR_072198,3
USR_072199,2
USR_072200,2
USR_072201,4
USR_072202,2
USR_072203,2
USR_072204,4
USR_072205,2
USR_072206,4
USR_072207,2
USR_072208,2
USR_072209,2
USR_072210,2
USR_072211,2
USR_072212,4
USR_072213,4
USR_072214,2
USR_072215,4
USR_072216,2
USR_072217,2
USR_072218,4
USR_072219,2
USR_072220,2
USR_072221,4
USR_072222,2
USR_072223,2
USR_072224,2
USR_072225,5
USR_072226,1
USR_072227,2
USR_072228,7
USR_072229,2
USR_072230,2
USR_072231,2
USR_072232,2
USR_072233,7
USR_072234,4
USR_072235,2
USR_072236,2
USR_072237,4
USR_072238,2
USR_072239,2
USR_072240,2
USR_072241,4
USR_072242,2
USR_072243,2
USR_072244,2
USR_072245,4
USR_072246,2
USR_072247,2
USR_072248,2
USR_072249,2
USR_072250,2
USR_072251,2
USR_072252,2
USR_072253,4
USR_072254,7
USR_072255,3
USR_072256,4
USR_072257,2
USR_072258,2
USR_072259,2
USR_072260,2
USR_072261,3
USR_072262,5
USR_072263,2
USR_072264,3
USR_072265,2
USR_072266,4
USR_072267,2
USR_072268,2
USR_072269,2
USR_072270,2
USR_072271,2
USR_072272,2
USR_072273,2
USR_072274,2
USR_072275,2
USR_072276,2
USR_072277,2
USR_072278,2
USR_072279,2
USR_072280,7
USR_072281,2
USR_072282,2
USR_072283,2
USR_072284,2
USR_072285,2
USR_072286,2
USR_072287,2
USR_072288,2
USR_072289,2
USR_072290,2
USR_072291,2
USR_072292,2
USR_072293,4
USR_072294,2
USR_072295,4
USR_072296,4
USR_072297,2
USR_072298,3
USR_072299,2
USR_072300,2
USR_072301,2
USR_072302,2
USR_072303,7
USR_072304,4
USR_072305,2
USR_072306,4
USR_072307,2
USR_072308,7
USR_072309,4
USR_072310,2
USR_072311,2
USR_072312,1
USR_072313,2
USR_072314,4
USR_072315,2
USR_072316,2
USR_072317,2
USR_072318,2
USR_072319,0
USR_072320,4
USR_072321,4
USR_072322,3
USR_072323,7
USR_072324,2
USR_072325,4
USR_072326,2
USR_072327,2
USR_072328,7
USR_072329,1
USR_072330,2
USR_072331,3
USR_072332,4
USR_072333,3
USR_072334,2
USR_072335,2
USR_072336,2
USR_072337,3
USR_072338,2
USR_072339,2
USR_072340,2
USR_072341,2
USR_072342,2
USR_072343,2
USR_072344,2
USR_072345,2
USR_072346,2
USR_072347,2
USR_072348,2
USR_072349,2
USR_072350,2
USR_072351,2
USR_072352,2
USR_072353,2
USR_072354,8
USR_072355,2
USR_072356,2
USR_072357,2
USR_072358,2
USR_072359,3
USR_072360,2
USR_072361,4
USR_072362,2
USR_072363,2
USR_072364,3
USR_072365,4
USR_072366,2
USR_072367,2
USR_072368,2
USR_072369,2
USR_072370,2
USR_072371,2
USR_072372,2
USR_072373,2
USR_072374,2
USR_072375,2
USR_072376,2
USR_072377,2
USR_072378,7
USR_072379,4
USR_072380,2
USR_072381,2
USR_072382,2
USR_072383,4
USR_072384,2
USR_072385,4
USR_072386,2
USR_072387,4
USR_072388,2
USR_072389,2
USR_072390,4
USR_072391,2
USR_072392,2
USR_072393,2
USR_072394,7
USR_072395,2
USR_072396,2
USR_072397,1
USR_072398,2
USR_072399,3
USR_072400,2
USR_072401,4
USR_072402,2
USR_072403,4
USR_072404,2
USR_072405,4
USR_072406,2
USR_072407,3
USR_072408,2
USR_072409,2
USR_072410,2
USR_072411,2
USR_072412,3
USR_072413,6
USR_072414,2
USR_072415,2
USR_072416,4
USR_072417,2
USR_072418,2
USR_072419,4
USR_072420,4
USR_072421,2
USR_072422,2
USR_072423,2
USR_072424,1
USR_072425,4
USR_072426,4
USR_072427,2
USR_072428,4
USR_072429,2
USR_072430,2
USR_072431,2
USR_072432,7
USR_072433,2
USR_072434,4
USR_072435,2
USR_072436,2
USR_072437,3
USR_072438,7
USR_072439,2
USR_072440,0
USR_072441,2
USR_072442,1
USR_072443,6
USR_072444,3
USR_072445,2
USR_072446,6
USR_072447,2
USR_072448,2
USR_072449,2
USR_072450,2
USR_072451,2
USR_072452,2
USR_072453,3
USR_072454,2
USR_072455,4
USR_072456,2
USR_072457,2
USR_072458,4
USR_072459,2
USR_072460,2
USR_072461,2
USR_072462,2
USR_072463,4
USR_072464,2
USR_072465,2
USR_072466,2
USR_072467,2
USR_072468,2
USR_072469,2
USR_072470,4
USR_072471,2
USR_072472,2
USR_072473,2
USR_072474,2
USR_072475,2
USR_072476,2
USR_072477,2
USR_072478,2
USR_072479,4
USR_072480,4
USR_072481,4
USR_072482,2
USR_072483,2
USR_072484,4
USR_072485,2
USR_072486,4
USR_072487,5
USR_072488,4
USR_072489,2
USR_072490,4
USR_072491,2
USR_072492,2
USR_072493,1
USR_072494,2
USR_072495,2
USR_072496,2
USR_072497,4
USR_072498,2
USR_072499,2
USR_072500,4
USR_072501,2
USR_072502,2
USR_072503,1
USR_072504,2
USR_072505,3
USR_072506,2
USR_072507,2
USR_072508,4
USR_072509,2
USR_072510,2
USR_072511,2
USR_072512,4
USR_072513,2
USR_072514,2
USR_072515,2
USR_072516,6
USR_072517,4
USR_072518,2
USR_072519,4
USR_072520,2
USR_072521,2
USR_072522,2
USR_072523,4
USR_072524,2
USR_072525,2
USR_072526,2
USR_072527,1
USR_072528,1
USR_072529,2
USR_072530,2
USR_072531,4
USR_072532,2
USR_072533,2
USR_072534,2
USR_072535,4
USR_072536,4
USR_072537,4
USR_072538,2
USR_072539,4
USR_072540,2
USR_072541,2
USR_072542,2
USR_072543,2
USR_072544,4
USR_072545,2
USR_072546,2
USR_072547,3
USR_072548,2
USR_072549,4
USR_072550,2
USR_072551,1
USR_072552,2
USR_072553,2
USR_072554,4
USR_072555,2
USR_072556,2
USR_072557,2
USR_072558,4
USR_072559,2
USR_072560,2
USR_072561,2
USR_072562,2
USR_072563,2
USR_072564,2
USR_072565,2
USR_072566,2
USR_072567,2
USR_072568,4
USR_072569,3
USR_072570,2
USR_072571,2
USR_072572,2
USR_072573,2
USR_072574,2
USR_072575,2
USR_072576,2
USR_072577,4
USR_072578,4
USR_072579,2
USR_072580,4
USR_072581,4
USR_072582,2
USR_072583,4
USR_072584,2
USR_072585,2
USR_072586,2
USR_072587,2
USR_072588,2
USR_072589,4
USR_072590,4
USR_072591,2
USR_072592,2
USR_072593,7
USR_072594,2
USR_072595,2
USR_072596,1
USR_072597,2
USR_072598,2
USR_072599,2
USR_072600,2
USR_072601,2
USR_072602,2
USR_072603,2
USR_072604,2
USR_072605,2
USR_072606,2
USR_072607,2
USR_072608,4
USR_072609,2
USR_072610,2
USR_072611,2
USR_072612,4
USR_072613,4
USR_072614,2
USR_072615,2
USR_072616,2
USR_072617,7
USR_072618,4
USR_072619,2
USR_072620,2
USR_072621,2
USR_072622,4
USR_072623,6
USR_072624,2
USR_072625,2
USR_072626,2
USR_072627,4
USR_072628,2
USR_072629,2
USR_072630,2
USR_072631,2
USR_072632,2
USR_072633,2
USR_072634,2
USR_072635,2
USR_072636,4
USR_072637,2
USR_072638,2
USR_072639,2
USR_072640,2
USR_072641,7
USR_072642,2
USR_072643,2
USR_072644,4
USR_072645,2
USR_072646,4
USR_072647,2
USR_072648,2
USR_072649,2
USR_072650,2
USR_072651,2
USR_072652,2
USR_072653,2
USR_072654,2
USR_072655,2
USR_072656,4
USR_072657,3
USR_072658,2
USR_072659,2
USR_072660,2
USR_072661,3
USR_072662,2
USR_072663,2
USR_072664,2
USR_072665,2
USR_072666,2
USR_072667,4
USR_072668,2
USR_072669,4
USR_072670,4
USR_072671,2
USR_072672,2
USR_072673,4
USR_072674,2
USR_072675,2
USR_072676,2
USR_072677,7
USR_072678,7
USR_072679,2
USR_072680,4
USR_072681,2
USR_072682,2
USR_072683,2
USR_072684,2
USR_072685,2
USR_072686,4
USR_072687,2
USR_072688,4
USR_072689,4
USR_072690,7
USR_072691,2
USR_072692,2
USR_072693,2
USR_072694,4
USR_072695,2
USR_072696,2
USR_072697,2
USR_072698,2
USR_072699,0
USR_072700,2
USR_072701,3
USR_072702,2
USR_072703,1
USR_072704,2
USR_072705,2
USR_072706,7
USR_072707,2
USR_072708,2
USR_072709,2
USR_072710,4
USR_072711,2
USR_072712,2
USR_072713,2
USR_072714,2
USR_072715,2
USR_072716,2
USR_072717,1
USR_072718,4
USR_072719,2
USR_072720,2
USR_072721,2
USR_072722,2
USR_072723,2
USR_072724,2
USR_072725,2
USR_072726,2
USR_072727,2
USR_072728,2
USR_072729,2
USR_072730,2
USR_072731,5
USR_072732,4
USR_072733,2
USR_072734,4
USR_072735,2
USR_072736,2
USR_072737,2
USR_072738,2
USR_072739,2
USR_072740,2
USR_072741,2
USR_072742,2
USR_072743,2
USR_072744,2
USR_072745,2
USR_072746,2
USR_072747,3
USR_072748,4
USR_072749,2
USR_072750,2
USR_072751,3
USR_072752,2
USR_072753,2
USR_072754,4
USR_072755,2
USR_072756,2
USR_072757,2
USR_072758,2
USR_072759,2
USR_072760,2
USR_072761,4
USR_072762,2
USR_072763,2
USR_072764,0
USR_072765,2
USR_072766,2
USR_072767,2
USR_072768,2
USR_072769,2
USR_072770,4
USR_072771,4
USR_072772,2
USR_072773,2
USR_072774,2
USR_072775,2
USR_072776,2
USR_072777,2
USR_072778,2
USR_072779,4
USR_072780,2
USR_072781,2
USR_072782,2
USR_072783,2
USR_072784,2
USR_072785,2
USR_072786,2
USR_072787,3
USR_072788,2
USR_072789,7
USR_072790,2
USR_072791,2
USR_072792,2
USR_072793,4
USR_072794,2
USR_072795,2
USR_072796,7
USR_072797,4
USR_072798,2
USR_072799,2
USR_072800,2
USR_072801,4
USR_072802,2
USR_072803,2
USR_072804,2
USR_072805,2
USR_072806,1
USR_072807,2
USR_072808,2
USR_072809,4
USR_072810,2
USR_072811,2
USR_072812,2
USR_072813,2
USR_072814,2
USR_072815,7
USR_072816,2
USR_072817,2
USR_072818,2
USR_072819,2
USR_072820,2
USR_072821,2
USR_072822,2
USR_072823,7
USR_072824,2
USR_072825,2
USR_072826,1
USR_072827,4
USR_072828,2
USR_072829,4
USR_072830,4
USR_072831,7
USR_072832,2
USR_072833,2
USR_072834,2
USR_072835,2
USR_072836,2
USR_072837,2
USR_072838,2
USR_072839,2
USR_072840,2
USR_072841,2
USR_072842,2
USR_072843,2
USR_072844,1
USR_072845,1
USR_072846,1
USR_072847,2
USR_072848,2
USR_072849,3
USR_072850,2
USR_072851,6
USR_072852,4
USR_072853,2
USR_072854,4
USR_072855,2
USR_072856,2
USR_072857,2
USR_072858,7
USR_072859,4
USR_072860,4
USR_072861,4
USR_072862,2
USR_072863,2
USR_072864,2
USR_072865,2
USR_072866,2
USR_072867,2
USR_072868,4
USR_072869,4
USR_072870,2
USR_072871,4
USR_072872,2
USR_072873,2
USR_072874,2
USR_072875,2
USR_072876,2
USR_072877,2
USR_072878,2
USR_072879,3
USR_072880,2
USR_072881,2
USR_072882,2
USR_072883,2
USR_072884,2
USR_072885,4
USR_072886,2
USR_072887,2
USR_072888,2
USR_072889,2
USR_072890,2
USR_072891,2
USR_072892,2
USR_072893,2
USR_072894,2
USR_072895,2
USR_072896,2
USR_072897,2
USR_072898,2
USR_072899,2
USR_072900,6
USR_072901,2
USR_072902,3
USR_072903,2
USR_072904,4
USR_072905,2
USR_072906,2
USR_072907,2
USR_072908,2
USR_072909,2
USR_072910,2
USR_072911,4
USR_072912,4
USR_072913,2
USR_072914,2
USR_072915,2
USR_072916,3
USR_072917,2
USR_072918,2
USR_072919,2
USR_072920,4
USR_072921,2
USR_072922,2
USR_072923,4
USR_072924,2
USR_072925,4
USR_072926,2
USR_072927,2
USR_072928,2
USR_072929,2
USR_072930,2
USR_072931,2
USR_072932,2
USR_072933,2
USR_072934,4
USR_072935,2
USR_072936,2
USR_072937,2
USR_072938,2
USR_072939,4
USR_072940,2
USR_072941,4
USR_072942,2
USR_072943,2
USR_072944,2
USR_072945,2
USR_072946,2
USR_072947,6
USR_072948,2
USR_072949,3
USR_072950,2
USR_072951,2
USR_072952,4
USR_072953,2
USR_072954,2
USR_072955,2
USR_072956,2
USR_072957,2
USR_072958,2
USR_072959,2
USR_072960,3
USR_072961,1
USR_072962,2
USR_072963,2
USR_072964,2
USR_072965,2
USR_072966,4
USR_072967,2
USR_072968,2
USR_072969,2
USR_072970,2
USR_072971,2
USR_072972,2
USR_072973,4
USR_072974,2
USR_072975,2
USR_072976,4
USR_072977,2
USR_072978,2
USR_072979,6
USR_072980,2
USR_072981,2
USR_072982,1
USR_072983,2
USR_072984,2
USR_072985,2
USR_072986,4
USR_072987,2
USR_072988,2
USR_072989,2
USR_072990,7
USR_072991,3
USR_072992,4
USR_072993,2
USR_072994,2
USR_072995,7
USR_072996,2
USR_072997,2
USR_072998,2
USR_072999,2
USR_073000,4
USR_073001,2
USR_073002,2
USR_073003,2
USR_073004,2
USR_073005,2
USR_073006,2
USR_073007,2
USR_073008,2
USR_073009,2
USR_073010,2
USR_073011,7
USR_073012,7
USR_073013,2
USR_073014,4
USR_073015,4
USR_073016,2
USR_073017,4
USR_073018,3
USR_073019,4
USR_073020,2
USR_073021,2
USR_073022,2
USR_073023,4
USR_073024,4
USR_073025,2
USR_073026,2
USR_073027,3
USR_073028,2
USR_073029,4
USR_073030,2
USR_073031,2
USR_073032,2
USR_073033,4
USR_073034,2
USR_073035,2
USR_073036,2
USR_073037,2
USR_073038,2
USR_073039,2
USR_073040,2
USR_073041,2
USR_073042,2
USR_073043,6
USR_073044,2
USR_073045,2
USR_073046,2
USR_073047,2
USR_073048,4
USR_073049,2
USR_073050,2
USR_073051,4
USR_073052,4
USR_073053,3
USR_073054,4
USR_073055,2
USR_073056,2
USR_073057,2
USR_073058,2
USR_073059,4
USR_073060,2
USR_073061,2
USR_073062,2
USR_073063,6
USR_073064,2
USR_073065,2
USR_073066,2
USR_073067,2
USR_073068,2
USR_073069,2
USR_073070,4
USR_073071,2
USR_073072,2
USR_073073,2
USR_073074,4
USR_073075,2
USR_073076,2
USR_073077,1
USR_073078,2
USR_073079,2
USR_073080,2
USR_073081,3
USR_073082,2
USR_073083,4
USR_073084,2
USR_073085,2
USR_073086,2
USR_073087,4
USR_073088,2
USR_073089,2
USR_073090,2
USR_073091,4
USR_073092,7
USR_073093,2
USR_073094,2
USR_073095,2
USR_073096,2
USR_073097,4
USR_073098,2
USR_073099,2
USR_073100,2
USR_073101,2
USR_073102,2
USR_073103,4
USR_073104,2
USR_073105,2
USR_073106,2
USR_073107,2
USR_073108,4
USR_073109,2
USR_073110,4
USR_073111,2
USR_073112,2
USR_073113,4
USR_073114,2
USR_073115,2
USR_073116,2
USR_073117,2
USR_073118,2
USR_073119,2
USR_073120,5
USR_073121,2
USR_073122,2
USR_073123,2
USR_073124,2
USR_073125,7
USR_073126,2
USR_073127,2
USR_073128,7
USR_073129,4
USR_073130,2
USR_073131,2
USR_073132,1
USR_073133,2
USR_073134,2
USR_073135,4
USR_073136,2
USR_073137,2
USR_073138,2
USR_073139,2
USR_073140,2
USR_073141,2
USR_073142,2
USR_073143,3
USR_073144,2
USR_073145,2
USR_073146,4
USR_073147,2
USR_073148,2
USR_073149,2
USR_073150,0
USR_073151,4
USR_073152,2
USR_073153,2
USR_073154,2
USR_073155,7
USR_073156,2
USR_073157,4
USR_073158,4
USR_073159,7
USR_073160,2
USR_073161,2
USR_073162,2
USR_073163,2
USR_073164,2
USR_073165,3
USR_073166,4
USR_073167,4
USR_073168,2
USR_073169,2
USR_073170,3
USR_073171,4
USR_073172,2
USR_073173,2
USR_073174,4
USR_073175,2
USR_073176,2
USR_073177,2
USR_073178,2
USR_073179,2
USR_073180,2
USR_073181,2
USR_073182,2
USR_073183,2
USR_073184,4
USR_073185,2
USR_073186,3
USR_073187,3
USR_073188,2
USR_073189,2
USR_073190,2
USR_073191,3
USR_073192,2
USR_073193,2
USR_073194,2
USR_073195,2
USR_073196,2
USR_073197,2
USR_073198,4
USR_073199,2
USR_073200,2
USR_073201,3
USR_073202,0
USR_073203,2
USR_073204,5
USR_073205,4
USR_073206,2
USR_073207,2
USR_073208,4
USR_073209,2
USR_073210,2
USR_073211,2
USR_073212,2
USR_073213,2
USR_073214,4
USR_073215,2
USR_073216,2
USR_073217,2
USR_073218,2
USR_073219,3
USR_073220,4
USR_073221,2
USR_073222,2
USR_073223,2
USR_073224,4
USR_073225,2
USR_073226,2
USR_073227,2
USR_073228,2
USR_073229,4
USR_073230,2
USR_073231,2
USR_073232,2
USR_073233,4
USR_073234,2
USR_073235,2
USR_073236,2
USR_073237,2
USR_073238,2
USR_073239,2
USR_073240,4
USR_073241,3
USR_073242,2
USR_073243,3
USR_073244,2
USR_073245,2
USR_073246,4
USR_073247,4
USR_073248,3
USR_073249,4
USR_073250,2
USR_073251,3
USR_073252,2
USR_073253,4
USR_073254,2
USR_073255,2
USR_073256,2
USR_073257,2
USR_073258,2
USR_073259,2
USR_073260,4
USR_073261,2
USR_073262,4
USR_073263,2
USR_073264,2
USR_073265,4
USR_073266,2
USR_073267,2
USR_073268,4
USR_073269,4
USR_073270,2
USR_073271,4
USR_073272,2
USR_073273,2
USR_073274,2
USR_073275,2
USR_073276,2
USR_073277,2
USR_073278,2
USR_073279,2
USR_073280,2
USR_073281,2
USR_073282,2
USR_073283,2
USR_073284,2
USR_073285,2
USR_073286,2
USR_073287,2
USR_073288,4
USR_073289,3
USR_073290,2
USR_073291,4
USR_073292,2
USR_073293,2
USR_073294,2
USR_073295,2
USR_073296,2
USR_073297,2
USR_073298,2
USR_073299,2
USR_073300,2
USR_073301,2
USR_073302,2
USR_073303,2
USR_073304,3
USR_073305,7
USR_073306,2
USR_073307,2
USR_073308,2
USR_073309,3
USR_073310,4
USR_073311,2
USR_073312,2
USR_073313,2
USR_073314,2
USR_073315,2
USR_073316,2
USR_073317,2
USR_073318,2
USR_073319,5
USR_073320,4
USR_073321,2
USR_073322,2
USR_073323,2
USR_073324,2
USR_073325,2
USR_073326,2
USR_073327,2
USR_073328,2
USR_073329,2
USR_073330,2
USR_073331,1
USR_073332,2
USR_073333,2
USR_073334,4
USR_073335,2
USR_073336,4
USR_073337,2
USR_073338,2
USR_073339,4
USR_073340,2
USR_073341,2
USR_073342,2
USR_073343,2
USR_073344,2
USR_073345,2
USR_073346,3
USR_073347,2
USR_073348,2
USR_073349,2
USR_073350,2
USR_073351,3
USR_073352,2
USR_073353,2
USR_073354,2
USR_073355,2
USR_073356,7
USR_073357,2
USR_073358,2
USR_073359,2
USR_073360,1
USR_073361,2
USR_073362,2
USR_073363,4
USR_073364,2
USR_073365,2
USR_073366,2
USR_073367,2
USR_073368,2
USR_073369,2
USR_073370,2
USR_073371,4
USR_073372,2
USR_073373,2
USR_073374,2
USR_073375,2
USR_073376,2
USR_073377,2
USR_073378,2
USR_073379,4
USR_073380,2
USR_073381,2
USR_073382,2
USR_073383,2
USR_073384,2
USR_073385,2
USR_073386,2
USR_073387,2
USR_073388,2
USR_073389,2
USR_073390,2
USR_073391,2
USR_073392,2
USR_073393,4
USR_073394,4
USR_073395,4
USR_073396,2
USR_073397,2
USR_073398,5
USR_073399,2
USR_073400,7
USR_073401,2
USR_073402,2
USR_073403,3
USR_073404,2
USR_073405,2
USR_073406,2
USR_073407,2
USR_073408,2
USR_073409,2
USR_073410,0
USR_073411,2
USR_073412,2
USR_073413,2
USR_073414,2
USR_073415,0
USR_073416,2
USR_073417,7
USR_073418,2
USR_073419,2
USR_073420,2
USR_073421,4
USR_073422,2
USR_073423,4
USR_073424,2
USR_073425,2
USR_073426,2
USR_073427,2
USR_073428,2
USR_073429,2
USR_073430,2
USR_073431,7
USR_073432,2
USR_073433,2
USR_073434,2
USR_073435,4
USR_073436,4
USR_073437,4
USR_073438,2
USR_073439,3
USR_073440,2
USR_073441,2
USR_073442,1
USR_073443,2
USR_073444,2
USR_073445,2
USR_073446,2
USR_073447,4
USR_073448,4
USR_073449,2
USR_073450,1
USR_073451,2
USR_073452,2
USR_073453,2
USR_073454,2
USR_073455,7
USR_073456,2
USR_073457,2
USR_073458,5
USR_073459,4
USR_073460,2
USR_073461,2
USR_073462,2
USR_073463,2
USR_073464,2
USR_073465,2
USR_073466,2
USR_073467,2
USR_073468,2
USR_073469,2
USR_073470,2
USR_073471,2
USR_073472,2
USR_073473,2
USR_073474,2
USR_073475,4
USR_073476,2
USR_073477,2
USR_073478,2
USR_073479,2
USR_073480,2
USR_073481,2
USR_073482,2
USR_073483,2
USR_073484,2
USR_073485,2
USR_073486,2
USR_073487,3
USR_073488,2
USR_073489,2
USR_073490,2
USR_073491,4
USR_073492,3
USR_073493,2
USR_073494,2
USR_073495,2
USR_073496,2
USR_073497,4
USR_073498,4
USR_073499,2
USR_073500,2
USR_073501,2
USR_073502,2
USR_073503,2
USR_073504,0
USR_073505,2
USR_073506,2
USR_073507,2
USR_073508,2
USR_073509,2
USR_073510,2
USR_073511,2
USR_073512,2
USR_073513,4
USR_073514,2
USR_073515,2
USR_073516,2
USR_073517,2
USR_073518,3
USR_073519,2
USR_073520,4
USR_073521,2
USR_073522,6
USR_073523,2
USR_073524,5
USR_073525,2
USR_073526,2
USR_073527,2
USR_073528,2
USR_073529,2
USR_073530,2
USR_073531,4
USR_073532,2
USR_073533,2
USR_073534,2
USR_073535,2
USR_073536,2
USR_073537,2
USR_073538,2
USR_073539,2
USR_073540,2
USR_073541,2
USR_073542,2
USR_073543,2
USR_073544,2
USR_073545,2
USR_073546,4
USR_073547,2
USR_073548,2
USR_073549,2
USR_073550,2
USR_073551,2
USR_073552,2
USR_073553,2
USR_073554,2
USR_073555,5
USR_073556,2
USR_073557,2
USR_073558,2
USR_073559,1
USR_073560,5
USR_073561,6
USR_073562,2
USR_073563,6
USR_073564,4
USR_073565,2
USR_073566,2
USR_073567,2
USR_073568,3
USR_073569,2
USR_073570,4
USR_073571,2
USR_073572,2
USR_073573,2
USR_073574,2
USR_073575,3
USR_073576,2
USR_073577,2
USR_073578,2
USR_073579,2
USR_073580,3
USR_073581,2
USR_073582,2
USR_073583,2
USR_073584,2
USR_073585,2
USR_073586,2
USR_073587,2
USR_073588,3
USR_073589,2
USR_073590,2
USR_073591,2
USR_073592,2
USR_073593,2
USR_073594,4
USR_073595,2
USR_073596,2
USR_073597,2
USR_073598,2
USR_073599,2
USR_073600,2
USR_073601,4
USR_073602,2
USR_073603,2
USR_073604,4
USR_073605,2
USR_073606,4
USR_073607,2
USR_073608,2
USR_073609,3
USR_073610,2
USR_073611,2
USR_073612,2
USR_073613,4
USR_073614,2
USR_073615,4
USR_073616,2
USR_073617,2
USR_073618,2
USR_073619,4
USR_073620,2
USR_073621,2
USR_073622,2
USR_073623,4
USR_073624,7
USR_073625,2
USR_073626,3
USR_073627,4
USR_073628,1
USR_073629,4
USR_073630,2
USR_073631,2
USR_073632,2
USR_073633,4
USR_073634,0
USR_073635,2
USR_073636,2
USR_073637,2
USR_073638,2
USR_073639,2
USR_073640,2
USR_073641,3
USR_073642,2
USR_073643,2
USR_073644,2
USR_073645,2
USR_073646,2
USR_073647,5
USR_073648,3
USR_073649,4
USR_073650,2
USR_073651,2
USR_073652,2
USR_073653,4
USR_073654,2
USR_073655,2
USR_073656,2
USR_073657,2
USR_073658,2
USR_073659,2
USR_073660,2
USR_073661,4
USR_073662,1
USR_073663,2
USR_073664,2
USR_073665,2
USR_073666,4
USR_073667,2
USR_073668,4
USR_073669,7
USR_073670,2
USR_073671,2
USR_073672,1
USR_073673,2
USR_073674,5
USR_073675,2
USR_073676,2
USR_073677,3
USR_073678,4
USR_073679,2
USR_073680,1
USR_073681,2
USR_073682,2
USR_073683,2
USR_073684,2
USR_073685,2
USR_073686,2
USR_073687,4
USR_073688,2
USR_073689,2
USR_073690,2
USR_073691,2
USR_073692,2
USR_073693,2
USR_073694,2
USR_073695,2
USR_073696,2
USR_073697,2
USR_073698,3
USR_073699,4
USR_073700,2
USR_073701,2
USR_073702,2
USR_073703,2
USR_073704,2
USR_073705,2
USR_073706,2
USR_073707,2
USR_073708,7
USR_073709,2
USR_073710,2
USR_073711,2
USR_073712,2
USR_073713,2
USR_073714,3
USR_073715,2
USR_073716,2
USR_073717,2
USR_073718,2
USR_073719,4
USR_073720,2
USR_073721,2
USR_073722,2
USR_073723,2
USR_073724,2
USR_073725,4
USR_073726,2
USR_073727,7
USR_073728,2
USR_073729,2
USR_073730,4
USR_073731,2
USR_073732,2
USR_073733,2
USR_073734,2
USR_073735,2
USR_073736,2
USR_073737,2
USR_073738,4
USR_073739,2
USR_073740,2
USR_073741,0
USR_073742,2
USR_073743,4
USR_073744,3
USR_073745,2
USR_073746,2
USR_073747,2
USR_073748,2
USR_073749,2
USR_073750,2
USR_073751,7
USR_073752,2
USR_073753,4
USR_073754,2
USR_073755,2
USR_073756,3
USR_073757,4
USR_073758,2
USR_073759,4
USR_073760,2
USR_073761,2
USR_073762,2
USR_073763,2
USR_073764,4
USR_073765,2
USR_073766,2
USR_073767,4
USR_073768,1
USR_073769,2
USR_073770,2
USR_073771,4
USR_073772,2
USR_073773,2
USR_073774,3
USR_073775,4
USR_073776,4
USR_073777,4
USR_073778,2
USR_073779,2
USR_073780,2
USR_073781,2
USR_073782,2
USR_073783,2
USR_073784,2
USR_073785,2
USR_073786,4
USR_073787,2
USR_073788,4
USR_073789,7
USR_073790,2
USR_073791,2
USR_073792,4
USR_073793,2
USR_073794,2
USR_073795,4
USR_073796,2
USR_073797,2
USR_073798,2
USR_073799,5
USR_073800,2
USR_073801,2
USR_073802,2
USR_073803,1
USR_073804,2
USR_073805,2
USR_073806,2
USR_073807,2
USR_073808,2
USR_073809,2
USR_073810,2
USR_073811,2
USR_073812,2
USR_073813,2
USR_073814,4
USR_073815,3
USR_073816,4
USR_073817,3
USR_073818,4
USR_073819,4
USR_073820,2
USR_073821,2
USR_073822,4
USR_073823,1
USR_073824,2
USR_073825,5
USR_073826,4
USR_073827,2
USR_073828,2
USR_073829,2
USR_073830,2
USR_073831,7
USR_073832,2
USR_073833,2
USR_073834,4
USR_073835,2
USR_073836,4
USR_073837,4
USR_073838,2
USR_073839,2
USR_073840,2
USR_073841,2
USR_073842,2
USR_073843,2
USR_073844,4
USR_073845,2
USR_073846,2
USR_073847,2
USR_073848,4
USR_073849,2
USR_073850,2
USR_073851,2
USR_073852,2
USR_073853,2
USR_073854,2
USR_073855,2
USR_073856,4
USR_073857,2
USR_073858,2
USR_073859,2
USR_073860,4
USR_073861,3
USR_073862,2
USR_073863,2
USR_073864,2
USR_073865,2
USR_073866,4
USR_073867,2
USR_073868,4
USR_073869,2
USR_073870,4
USR_073871,2
USR_073872,2
USR_073873,4
USR_073874,4
USR_073875,2
USR_073876,2
USR_073877,2
USR_073878,2
USR_073879,3
USR_073880,2
USR_073881,2
USR_073882,2
USR_073883,2
USR_073884,2
USR_073885,2
USR_073886,2
USR_073887,4
USR_073888,2
USR_073889,3
USR_073890,3
USR_073891,2
USR_073892,4
USR_073893,2
USR_073894,2
USR_073895,2
USR_073896,2
USR_073897,4
USR_073898,2
USR_073899,2
USR_073900,2
USR_073901,4
USR_073902,2
USR_073903,2
USR_073904,2
USR_073905,2
USR_073906,1
USR_073907,2
USR_073908,2
USR_073909,2
USR_073910,2
USR_073911,3
USR_073912,2
USR_073913,3
USR_073914,2
USR_073915,2
USR_073916,4
USR_073917,2
USR_073918,4
USR_073919,2
USR_073920,2
USR_073921,2
USR_073922,4
USR_073923,2
USR_073924,2
USR_073925,2
USR_073926,4
USR_073927,4
USR_073928,2
USR_073929,3
USR_073930,4
USR_073931,2
USR_073932,2
USR_073933,2
USR_073934,2
USR_073935,2
USR_073936,4
USR_073937,2
USR_073938,4
USR_073939,2
USR_073940,4
USR_073941,2
USR_073942,2
USR_073943,2
USR_073944,4
USR_073945,4
USR_073946,2
USR_073947,2
USR_073948,2
USR_073949,2
USR_073950,1
USR_073951,2
USR_073952,2
USR_073953,3
USR_073954,3
USR_073955,2
USR_073956,5
USR_073957,2
USR_073958,2
USR_073959,2
USR_073960,2
USR_073961,2
USR_073962,2
USR_073963,2
USR_073964,2
USR_073965,4
USR_073966,3
USR_073967,2
USR_073968,2
USR_073969,2
USR_073970,2
USR_073971,3
USR_073972,2
USR_073973,2
USR_073974,2
USR_073975,6
USR_073976,4
USR_073977,4
USR_073978,2
USR_073979,4
USR_073980,2
USR_073981,2
USR_073982,2
USR_073983,2
USR_073984,2
USR_073985,2
USR_073986,3
USR_073987,2
USR_073988,2
USR_073989,2
USR_073990,2
USR_073991,2
USR_073992,2
USR_073993,2
USR_073994,2
USR_073995,2
USR_073996,2
USR_073997,2
USR_073998,2
USR_073999,2
USR_074000,4
USR_074001,2
USR_074002,7
USR_074003,2
USR_074004,2
USR_074005,2
USR_074006,7
USR_074007,4
USR_074008,2
USR_074009,2
USR_074010,2
USR_074011,2
USR_074012,2
USR_074013,4
USR_074014,4
USR_074015,7
USR_074016,2
USR_074017,2
USR_074018,2
USR_074019,3
USR_074020,2
USR_074021,3
USR_074022,2
USR_074023,2
USR_074024,4
USR_074025,4
USR_074026,4
USR_074027,3
USR_074028,2
USR_074029,2
USR_074030,2
USR_074031,2
USR_074032,2
USR_074033,2
USR_074034,2
USR_074035,7
USR_074036,2
USR_074037,4
USR_074038,2
USR_074039,2
USR_074040,2
USR_074041,2
USR_074042,2
USR_074043,4
USR_074044,4
USR_074045,2
USR_074046,2
USR_074047,3
USR_074048,2
USR_074049,2
USR_074050,4
USR_074051,2
USR_074052,2
USR_074053,2
USR_074054,2
USR_074055,2
USR_074056,4
USR_074057,4
USR_074058,2
USR_074059,2
USR_074060,2
USR_074061,2
USR_074062,2
USR_074063,2
USR_074064,2
USR_074065,2
USR_074066,4
USR_074067,7
USR_074068,2
USR_074069,4
USR_074070,2
USR_074071,2
USR_074072,2
USR_074073,2
USR_074074,3
USR_074075,2
USR_074076,2
USR_074077,2
USR_074078,2
USR_074079,2
USR_074080,4
USR_074081,4
USR_074082,2
USR_074083,2
USR_074084,4
USR_074085,2
USR_074086,6
USR_074087,2
USR_074088,2
USR_074089,2
USR_074090,2
USR_074091,4
USR_074092,2
USR_074093,2
USR_074094,2
USR_074095,2
USR_074096,2
USR_074097,2
USR_074098,4
USR_074099,2
USR_074100,2
USR_074101,2
USR_074102,4
USR_074103,1
USR_074104,2
USR_074105,2
USR_074106,2
USR_074107,2
USR_074108,4
USR_074109,2
USR_074110,2
USR_074111,3
USR_074112,2
USR_074113,2
USR_074114,4
USR_074115,2
USR_074116,2
USR_074117,2
USR_074118,2
USR_074119,2
USR_074120,4
USR_074121,4
USR_074122,4
USR_074123,4
USR_074124,2
USR_074125,4
USR_074126,2
USR_074127,2
USR_074128,2
USR_074129,1
USR_074130,2
USR_074131,2
USR_074132,6
USR_074133,2
USR_074134,2
USR_074135,4
USR_074136,2
USR_074137,4
USR_074138,2
USR_074139,2
USR_074140,2
USR_074141,2
USR_074142,2
USR_074143,2
USR_074144,2
USR_074145,2
USR_074146,7
USR_074147,4
USR_074148,2
USR_074149,2
USR_074150,2
USR_074151,2
USR_074152,2
USR_074153,2
USR_074154,2
USR_074155,2
USR_074156,3
USR_074157,4
USR_074158,2
USR_074159,2
USR_074160,2
USR_074161,2
USR_074162,7
USR_074163,2
USR_074164,2
USR_074165,2
USR_074166,4
USR_074167,2
USR_074168,2
USR_074169,2
USR_074170,3
USR_074171,2
USR_074172,2
USR_074173,2
USR_074174,7
USR_074175,7
USR_074176,4
USR_074177,2
USR_074178,4
USR_074179,2
USR_074180,3
USR_074181,4
USR_074182,4
USR_074183,2
USR_074184,2
USR_074185,3
USR_074186,2
USR_074187,2
USR_074188,2
USR_074189,4
USR_074190,4
USR_074191,2
USR_074192,2
USR_074193,2
USR_074194,4
USR_074195,2
USR_074196,2
USR_074197,2
USR_074198,2
USR_074199,2
USR_074200,2
USR_074201,2
USR_074202,2
USR_074203,4
USR_074204,4
USR_074205,2
USR_074206,2
USR_074207,2
USR_074208,2
USR_074209,4
USR_074210,4
USR_074211,1
USR_074212,2
USR_074213,2
USR_074214,2
USR_074215,2
USR_074216,2
USR_074217,2
USR_074218,5
USR_074219,2
USR_074220,2
USR_074221,2
USR_074222,4
USR_074223,4
USR_074224,4
USR_074225,2
USR_074226,2
USR_074227,2
USR_074228,3
USR_074229,2
USR_074230,4
USR_074231,4
USR_074232,2
USR_074233,2
USR_074234,4
USR_074235,2
USR_074236,4
USR_074237,2
USR_074238,2
USR_074239,2
USR_074240,2
USR_074241,2
USR_074242,2
USR_074243,2
USR_074244,2
USR_074245,2
USR_074246,2
USR_074247,2
USR_074248,2
USR_074249,3
USR_074250,7
USR_074251,2
USR_074252,2
USR_074253,4
USR_074254,4
USR_074255,4
USR_074256,2
USR_074257,2
USR_074258,2
USR_074259,1
USR_074260,2
USR_074261,2
USR_074262,2
USR_074263,2
USR_074264,4
USR_074265,2
USR_074266,2
USR_074267,4
USR_074268,2
USR_074269,2
USR_074270,2
USR_074271,2
USR_074272,2
USR_074273,4
USR_074274,2
USR_074275,2
USR_074276,2
USR_074277,2
USR_074278,2
USR_074279,4
USR_074280,4
USR_074281,2
USR_074282,2
USR_074283,2
USR_074284,2
USR_074285,4
USR_074286,4
USR_074287,2
USR_074288,2
USR_074289,2
USR_074290,2
USR_074291,2
USR_074292,2
USR_074293,3
USR_074294,4
USR_074295,2
USR_074296,2
USR_074297,2
USR_074298,6
USR_074299,2
USR_074300,2
USR_074301,2
USR_074302,2
USR_074303,3
USR_074304,2
USR_074305,2
USR_074306,2
USR_074307,2
USR_074308,2
USR_074309,2
USR_074310,2
USR_074311,6
USR_074312,4
USR_074313,2
USR_074314,2
USR_074315,2
USR_074316,2
USR_074317,2
USR_074318,2
USR_074319,2
USR_074320,4
USR_074321,2
USR_074322,2
USR_074323,2
USR_074324,2
USR_074325,4
USR_074326,2
USR_074327,4
USR_074328,2
USR_074329,2
USR_074330,2
USR_074331,2
USR_074332,2
USR_074333,2
USR_074334,1
USR_074335,2
USR_074336,2
USR_074337,6
USR_074338,2
USR_074339,4
USR_074340,3
USR_074341,2
USR_074342,2
USR_074343,2
USR_074344,2
USR_074345,2
USR_074346,2
USR_074347,2
USR_074348,2
USR_074349,2
USR_074350,2
USR_074351,2
USR_074352,2
USR_074353,2
USR_074354,2
USR_074355,2
USR_074356,2
USR_074357,2
USR_074358,2
USR_074359,2
USR_074360,3
USR_074361,2
USR_074362,4
USR_074363,2
USR_074364,2
USR_074365,2
USR_074366,2
USR_074367,2
USR_074368,4
USR_074369,2
USR_074370,2
USR_074371,4
USR_074372,2
USR_074373,2
USR_074374,2
USR_074375,4
USR_074376,2
USR_074377,2
USR_074378,4
USR_074379,2
USR_074380,4
USR_074381,2
USR_074382,7
USR_074383,2
USR_074384,2
USR_074385,4
USR_074386,4
USR_074387,3
USR_074388,2
USR_074389,2
USR_074390,3
USR_074391,6
USR_074392,2
USR_074393,2
USR_074394,2
USR_074395,2
USR_074396,4
USR_074397,2
USR_074398,3
USR_074399,2
USR_074400,2
USR_074401,4
USR_074402,4
USR_074403,2
USR_074404,2
USR_074405,2
USR_074406,2
USR_074407,4
USR_074408,3
USR_074409,2
USR_074410,2
USR_074411,7
USR_074412,4
USR_074413,2
USR_074414,0
USR_074415,1
USR_074416,2
USR_074417,4
USR_074418,4
USR_074419,2
USR_074420,2
USR_074421,4
USR_074422,2
USR_074423,2
USR_074424,2
USR_074425,2
USR_074426,2
USR_074427,4
USR_074428,2
USR_074429,2
USR_074430,2
USR_074431,2
USR_074432,2
USR_074433,4
USR_074434,2
USR_074435,4
USR_074436,2
USR_074437,4
USR_074438,2
USR_074439,7
USR_074440,3
USR_074441,2
USR_074442,5
USR_074443,2
USR_074444,2
USR_074445,2
USR_074446,2
USR_074447,2
USR_074448,2
USR_074449,3
USR_074450,2
USR_074451,2
USR_074452,2
USR_074453,2
USR_074454,2
USR_074455,2
USR_074456,2
USR_074457,2
USR_074458,2
USR_074459,2
USR_074460,7
USR_074461,4
USR_074462,2
USR_074463,2
USR_074464,2
USR_074465,2
USR_074466,3
USR_074467,4
USR_074468,2
USR_074469,7
USR_074470,2
USR_074471,2
USR_074472,2
USR_074473,2
USR_074474,2
USR_074475,2
USR_074476,2
USR_074477,2
USR_074478,2
USR_074479,5
USR_074480,2
USR_074481,2
USR_074482,4
USR_074483,2
USR_074484,2
USR_074485,4
USR_074486,2
USR_074487,2
USR_074488,2
USR_074489,2
USR_074490,2
USR_074491,2
USR_074492,0
USR_074493,2
USR_074494,4
USR_074495,3
USR_074496,2
USR_074497,2
USR_074498,7
USR_074499,2
USR_074500,2
USR_074501,2
USR_074502,2
USR_074503,4
USR_074504,2
USR_074505,4
USR_074506,2
USR_074507,2
USR_074508,2
USR_074509,1
USR_074510,2
USR_074511,4
USR_074512,4
USR_074513,2
USR_074514,2
USR_074515,2
USR_074516,2
USR_074517,2
USR_074518,2
USR_074519,4
USR_074520,2
USR_074521,2
USR_074522,2
USR_074523,4
USR_074524,2
USR_074525,2
USR_074526,2
USR_074527,2
USR_074528,2
USR_074529,1
USR_074530,2
USR_074531,2
USR_074532,3
USR_074533,2
USR_074534,2
USR_074535,2
USR_074536,2
USR_074537,2
USR_074538,4
USR_074539,2
USR_074540,2
USR_074541,2
USR_074542,2
USR_074543,2
USR_074544,2
USR_074545,2
USR_074546,2
USR_074547,3
USR_074548,2
USR_074549,4
USR_074550,4
USR_074551,4
USR_074552,4
USR_074553,2
USR_074554,2
USR_074555,2
USR_074556,2
USR_074557,2
USR_074558,2
USR_074559,2
USR_074560,2
USR_074561,2
USR_074562,2
USR_074563,4
USR_074564,2
USR_074565,6
USR_074566,2
USR_074567,1
USR_074568,2
USR_074569,2
USR_074570,2
USR_074571,2
USR_074572,4
USR_074573,2
USR_074574,1
USR_074575,2
USR_074576,2
USR_074577,2
USR_074578,4
USR_074579,3
USR_074580,2
USR_074581,4
USR_074582,4
USR_074583,2
USR_074584,2
USR_074585,2
USR_074586,2
USR_074587,2
USR_074588,2
USR_074589,2
USR_074590,4
USR_074591,2
USR_074592,3
USR_074593,2
USR_074594,2
USR_074595,1
USR_074596,4
USR_074597,2
USR_074598,2
USR_074599,2
USR_074600,2
USR_074601,2
USR_074602,2
USR_074603,2
USR_074604,2
USR_074605,7
USR_074606,2
USR_074607,1
USR_074608,2
USR_074609,2
USR_074610,2
USR_074611,2
USR_074612,2
USR_074613,2
USR_074614,1
USR_074615,2
USR_074616,1
USR_074617,2
USR_074618,4
USR_074619,2
USR_074620,2
USR_074621,2
USR_074622,2
USR_074623,2
USR_074624,2
USR_074625,2
USR_074626,2
USR_074627,4
USR_074628,2
USR_074629,2
USR_074630,2
USR_074631,3
USR_074632,2
USR_074633,2
USR_074634,3
USR_074635,2
USR_074636,2
USR_074637,4
USR_074638,2
USR_074639,2
USR_074640,5
USR_074641,2
USR_074642,3
USR_074643,0
USR_074644,2
USR_074645,2
USR_074646,2
USR_074647,2
USR_074648,2
USR_074649,2
USR_074650,2
USR_074651,2
USR_074652,2
USR_074653,2
USR_074654,2
USR_074655,4
USR_074656,2
USR_074657,2
USR_074658,2
USR_074659,2
USR_074660,2
USR_074661,4
USR_074662,2
USR_074663,2
USR_074664,2
USR_074665,4
USR_074666,2
USR_074667,2
USR_074668,2
USR_074669,2
USR_074670,2
USR_074671,2
USR_074672,4
USR_074673,1
USR_074674,2
USR_074675,3
USR_074676,2
USR_074677,2
USR_074678,2
USR_074679,2
USR_074680,4
USR_074681,2
USR_074682,4
USR_074683,2
USR_074684,4
USR_074685,2
USR_074686,4
USR_074687,2
USR_074688,2
USR_074689,2
USR_074690,2
USR_074691,2
USR_074692,4
USR_074693,4
USR_074694,2
USR_074695,2
USR_074696,2
USR_074697,2
USR_074698,2
USR_074699,2
USR_074700,3
USR_074701,2
USR_074702,2
USR_074703,3
USR_074704,2
USR_074705,2
USR_074706,2
USR_074707,2
USR_074708,2
USR_074709,2
USR_074710,2
USR_074711,2
USR_074712,2
USR_074713,2
USR_074714,2
USR_074715,2
USR_074716,4
USR_074717,4
USR_074718,2
USR_074719,2
USR_074720,4
USR_074721,2
USR_074722,2
USR_074723,2
USR_074724,2
USR_074725,2
USR_074726,2
USR_074727,2
USR_074728,4
USR_074729,7
USR_074730,4
USR_074731,2
USR_074732,4
USR_074733,2
USR_074734,2
USR_074735,2
USR_074736,4
USR_074737,2
USR_074738,4
USR_074739,2
USR_074740,2
USR_074741,2
USR_074742,2
USR_074743,7
USR_074744,2
USR_074745,2
USR_074746,2
USR_074747,7
USR_074748,3
USR_074749,2
USR_074750,3
USR_074751,4
USR_074752,2
USR_074753,2
USR_074754,4
USR_074755,2
USR_074756,2
USR_074757,2
USR_074758,2
USR_074759,3
USR_074760,2
USR_074761,2
USR_074762,2
USR_074763,2
USR_074764,2
USR_074765,2
USR_074766,2
USR_074767,2
USR_074768,4
USR_074769,2
USR_074770,2
USR_074771,2
USR_074772,2
USR_074773,7
USR_074774,2
USR_074775,2
USR_074776,2
USR_074777,2
USR_074778,2
USR_074779,2
USR_074780,2
USR_074781,2
USR_074782,4
USR_074783,2
USR_074784,2
USR_074785,2
USR_074786,2
USR_074787,2
USR_074788,2
USR_074789,4
USR_074790,4
USR_074791,4
USR_074792,2
USR_074793,2
USR_074794,6
USR_074795,4
USR_074796,2
USR_074797,4
USR_074798,3
USR_074799,2
USR_074800,2
USR_074801,2
USR_074802,2
USR_074803,4
USR_074804,2
USR_074805,4
USR_074806,2
USR_074807,2
USR_074808,2
USR_074809,3
USR_074810,4
USR_074811,2
USR_074812,3
USR_074813,1
USR_074814,2
USR_074815,2
USR_074816,4
USR_074817,2
USR_074818,2
USR_074819,2
USR_074820,2
USR_074821,2
USR_074822,2
USR_074823,2
USR_074824,2
USR_074825,2
USR_074826,2
USR_074827,4
USR_074828,2
USR_074829,4
USR_074830,4
USR_074831,2
USR_074832,4
USR_074833,2
USR_074834,4
USR_074835,2
USR_074836,4
USR_074837,2
USR_074838,2
USR_074839,4
USR_074840,6
USR_074841,2
USR_074842,2
USR_074843,2
USR_074844,2
USR_074845,4
USR_074846,2
USR_074847,2
USR_074848,2
USR_074849,2
USR_074850,0
USR_074851,7
USR_074852,2
USR_074853,2
USR_074854,3
USR_074855,2
USR_074856,2
USR_074857,2
USR_074858,1
USR_074859,2
USR_074860,2
USR_074861,5
USR_074862,2
USR_074863,2
USR_074864,2
USR_074865,2
USR_074866,2
USR_074867,2
USR_074868,2
USR_074869,2
USR_074870,2
USR_074871,4
USR_074872,4
USR_074873,2
USR_074874,2
USR_074875,4
USR_074876,2
USR_074877,4
USR_074878,2
USR_074879,4
USR_074880,2
USR_074881,4
USR_074882,2
USR_074883,2
USR_074884,2
USR_074885,2
USR_074886,2
USR_074887,2
USR_074888,2
USR_074889,2
USR_074890,2
USR_074891,2
USR_074892,2
USR_074893,2
USR_074894,2
USR_074895,2
USR_074896,2
USR_074897,2
USR_074898,2
USR_074899,2
USR_074900,2
USR_074901,2
USR_074902,3
USR_074903,3
USR_074904,4
USR_074905,2
USR_074906,2
USR_074907,2
USR_074908,2
USR_074909,6
USR_074910,2
USR_074911,6
USR_074912,6
USR_074913,2
USR_074914,2
USR_074915,2
USR_074916,2
USR_074917,2
USR_074918,2
USR_074919,2
USR_074920,2
USR_074921,3
USR_074922,2
USR_074923,4
USR_074924,4
USR_074925,4
USR_074926,4
USR_074927,2
USR_074928,2
USR_074929,2
USR_074930,2
USR_074931,2
USR_074932,4
USR_074933,2
USR_074934,2
USR_074935,4
USR_074936,2
USR_074937,2
USR_074938,4
USR_074939,2
USR_074940,2
USR_074941,2
USR_074942,2
USR_074943,2
USR_074944,4
USR_074945,2
USR_074946,2
USR_074947,2
USR_074948,4
USR_074949,2
USR_074950,2
USR_074951,3
USR_074952,2
USR_074953,2
USR_074954,2
USR_074955,1
USR_074956,0
USR_074957,2
USR_074958,2
USR_074959,4
USR_074960,2
USR_074961,4
USR_074962,2
USR_074963,2
USR_074964,2
USR_074965,2
USR_074966,1
USR_074967,2
USR_074968,2
USR_074969,2
USR_074970,2
USR_074971,4
USR_074972,2
USR_074973,2
USR_074974,2
USR_074975,4
USR_074976,2
USR_074977,2
USR_074978,2
USR_074979,2
USR_074980,2
USR_074981,2
USR_074982,2
USR_074983,2
USR_074984,2
USR_074985,2
USR_074986,2
USR_074987,3
USR_074988,4
USR_074989,2
USR_074990,2
USR_074991,2
USR_074992,4
USR_074993,2
USR_074994,2
USR_074995,4
USR_074996,2
USR_074997,2
USR_074998,2
USR_074999,4
USR_075000,2
USR_075001,2
USR_075002,4
USR_075003,2
USR_075004,2
USR_075005,2
USR_075006,2
USR_075007,2
USR_075008,4
USR_075009,3
USR_075010,2
USR_075011,3
USR_075012,2
USR_075013,7
USR_075014,3
USR_075015,2
USR_075016,2
USR_075017,2
USR_075018,4
USR_075019,2
USR_075020,2
USR_075021,2
USR_075022,2
USR_075023,2
USR_075024,2
USR_075025,2
USR_075026,2
USR_075027,2
USR_075028,2
USR_075029,2
USR_075030,5
USR_075031,2
USR_075032,4
USR_075033,2
USR_075034,1
USR_075035,4
USR_075036,2
USR_075037,2
USR_075038,2
USR_075039,2
USR_075040,2
USR_075041,2
USR_075042,3
USR_075043,4
USR_075044,2
USR_075045,2
USR_075046,2
USR_075047,2
USR_075048,4
USR_075049,4
USR_075050,4
USR_075051,2
USR_075052,4
USR_075053,2
USR_075054,2
USR_075055,5
USR_075056,2
USR_075057,2
USR_075058,2
USR_075059,4
USR_075060,2
USR_075061,2
USR_075062,2
USR_075063,2
USR_075064,2
USR_075065,2
USR_075066,2
USR_075067,2
USR_075068,7
USR_075069,2
USR_075070,4
USR_075071,3
USR_075072,2
USR_075073,2
USR_075074,4
USR_075075,2
USR_075076,2
USR_075077,2
USR_075078,4
USR_075079,2
USR_075080,2
USR_075081,2
USR_075082,2
USR_075083,2
USR_075084,2
USR_075085,2
USR_075086,4
USR_075087,2
USR_075088,2
USR_075089,7
USR_075090,2
USR_075091,1
USR_075092,2
USR_075093,2
USR_075094,4
USR_075095,2
USR_075096,2
USR_075097,4
USR_075098,2
USR_075099,2
USR_075100,3
USR_075101,2
USR_075102,4
USR_075103,2
USR_075104,2
USR_075105,2
USR_075106,5
USR_075107,2
USR_075108,1
USR_075109,2
USR_075110,4
USR_075111,2
USR_075112,4
USR_075113,4
USR_075114,2
USR_075115,2
USR_075116,1
USR_075117,4
USR_075118,2
USR_075119,3
USR_075120,2
USR_075121,2
USR_075122,4
USR_075123,2
USR_075124,4
USR_075125,2
USR_075126,4
USR_075127,4
USR_075128,4
USR_075129,2
USR_075130,2
USR_075131,2
USR_075132,2
USR_075133,7
USR_075134,4
USR_075135,4
USR_075136,2
USR_075137,4
USR_075138,2
USR_075139,2
USR_075140,2
USR_075141,2
USR_075142,2
USR_075143,2
USR_075144,2
USR_075145,2
USR_075146,4
USR_075147,2
USR_075148,2
USR_075149,4
USR_075150,2
USR_075151,2
USR_075152,2
USR_075153,2
USR_075154,4
USR_075155,2
USR_075156,2
USR_075157,2
USR_075158,2
USR_075159,2
USR_075160,3
USR_075161,2
USR_075162,2
USR_075163,2
USR_075164,2
USR_075165,4
USR_075166,2
USR_075167,3
USR_075168,4
USR_075169,8
USR_075170,2
USR_075171,2
USR_075172,7
USR_075173,2
USR_075174,2
USR_075175,4
USR_075176,2
USR_075177,2
USR_075178,2
USR_075179,1
USR_075180,3
USR_075181,2
USR_075182,2
USR_075183,2
USR_075184,2
USR_075185,2
USR_075186,2
USR_075187,2
USR_075188,2
USR_075189,2
USR_075190,2
USR_075191,2
USR_075192,1
USR_075193,2
USR_075194,2
USR_075195,2
USR_075196,2
USR_075197,4
USR_075198,2
USR_075199,2
USR_075200,2
USR_075201,2
USR_075202,2
USR_075203,2
USR_075204,5
USR_075205,2
USR_075206,2
USR_075207,2
USR_075208,4
USR_075209,2
USR_075210,2
USR_075211,1
USR_075212,2
USR_075213,4
USR_075214,4
USR_075215,4
USR_075216,2
USR_075217,1
USR_075218,2
USR_075219,2
USR_075220,2
USR_075221,2
USR_075222,2
USR_075223,4
USR_075224,2
USR_075225,2
USR_075226,2
USR_075227,2
USR_075228,2
USR_075229,3
USR_075230,2
USR_075231,4
USR_075232,4
USR_075233,2
USR_075234,2
USR_075235,2
USR_075236,2
USR_075237,2
USR_075238,2
USR_075239,2
USR_075240,2
USR_075241,7
USR_075242,2
USR_075243,4
USR_075244,2
USR_075245,4
USR_075246,2
USR_075247,4
USR_075248,2
USR_075249,2
USR_075250,4
USR_075251,2
USR_075252,4
USR_075253,2
USR_075254,2
USR_075255,4
USR_075256,4
USR_075257,2
USR_075258,2
USR_075259,2
USR_075260,2
USR_075261,2
USR_075262,2
USR_075263,2
USR_075264,2
USR_075265,6
USR_075266,2
USR_075267,2
USR_075268,2
USR_075269,3
USR_075270,2
USR_075271,2
USR_075272,3
USR_075273,2
USR_075274,2
USR_075275,2
USR_075276,4
USR_075277,2
USR_075278,2
USR_075279,4
USR_075280,2
USR_075281,2
USR_075282,2
USR_075283,2
USR_075284,2
USR_075285,3
USR_075286,2
USR_075287,2
USR_075288,2
USR_075289,2
USR_075290,4
USR_075291,2
USR_075292,2
USR_075293,2
USR_075294,2
USR_075295,4
USR_075296,2
USR_075297,2
USR_075298,2
USR_075299,2
USR_075300,2
USR_075301,2
USR_075302,2
USR_075303,4
USR_075304,4
USR_075305,2
USR_075306,4
USR_075307,1
USR_075308,2
USR_075309,4
USR_075310,2
USR_075311,2
USR_075312,2
USR_075313,2
USR_075314,2
USR_075315,4
USR_075316,2
USR_075317,1
USR_075318,2
USR_075319,4
USR_075320,2
USR_075321,2
USR_075322,2
USR_075323,2
USR_075324,4
USR_075325,2
USR_075326,4
USR_075327,4
USR_075328,2
USR_075329,1
USR_075330,2
USR_075331,2
USR_075332,3
USR_075333,5
USR_075334,7
USR_075335,7
USR_075336,2
USR_075337,2
USR_075338,2
USR_075339,2
USR_075340,2
USR_075341,2
USR_075342,2
USR_075343,2
USR_075344,2
USR_075345,2
USR_075346,4
USR_075347,2
USR_075348,4
USR_075349,4
USR_075350,2
USR_075351,2
USR_075352,2
USR_075353,2
USR_075354,4
USR_075355,5
USR_075356,4
USR_075357,2
USR_075358,2
USR_075359,4
USR_075360,2
USR_075361,2
USR_075362,4
USR_075363,2
USR_075364,1
USR_075365,2
USR_075366,2
USR_075367,0
USR_075368,7
USR_075369,2
USR_075370,2
USR_075371,4
USR_075372,2
USR_075373,2
USR_075374,2
USR_075375,2
USR_075376,4
USR_075377,2
USR_075378,2
USR_075379,2
USR_075380,3
USR_075381,2
USR_075382,3
USR_075383,2
USR_075384,2
USR_075385,3
USR_075386,4
USR_075387,2
USR_075388,2
USR_075389,2
USR_075390,6
USR_075391,4
USR_075392,2
USR_075393,2
USR_075394,2
USR_075395,2
USR_075396,2
USR_075397,2
USR_075398,2
USR_075399,2
USR_075400,2
USR_075401,3
USR_075402,2
USR_075403,2
USR_075404,4
USR_075405,4
USR_075406,4
USR_075407,2
USR_075408,2
USR_075409,1
USR_075410,2
USR_075411,2
USR_075412,4
USR_075413,2
USR_075414,2
USR_075415,2
USR_075416,2
USR_075417,2
USR_075418,2
USR_075419,4
USR_075420,2
USR_075421,2
USR_075422,1
USR_075423,2
USR_075424,3
USR_075425,2
USR_075426,2
USR_075427,4
USR_075428,2
USR_075429,2
USR_075430,4
USR_075431,2
USR_075432,2
USR_075433,2
USR_075434,4
USR_075435,2
USR_075436,3
USR_075437,2
USR_075438,7
USR_075439,2
USR_075440,4
USR_075441,2
USR_075442,1
USR_075443,2
USR_075444,2
USR_075445,2
USR_075446,2
USR_075447,4
USR_075448,2
USR_075449,4
USR_075450,2
USR_075451,3
USR_075452,2
USR_075453,2
USR_075454,2
USR_075455,2
USR_075456,2
USR_075457,2
USR_075458,2
USR_075459,7
USR_075460,2
USR_075461,2
USR_075462,2
USR_075463,2
USR_075464,2
USR_075465,4
USR_075466,2
USR_075467,2
USR_075468,2
USR_075469,2
USR_075470,2
USR_075471,2
USR_075472,0
USR_075473,3
USR_075474,2
USR_075475,2
USR_075476,2
USR_075477,3
USR_075478,2
USR_075479,2
USR_075480,2
USR_075481,2
USR_075482,4
USR_075483,2
USR_075484,4
USR_075485,2
USR_075486,2
USR_075487,2
USR_075488,2
USR_075489,2
USR_075490,2
USR_075491,2
USR_075492,2
USR_075493,4
USR_075494,2
USR_075495,2
USR_075496,6
USR_075497,4
USR_075498,2
USR_075499,3
USR_075500,4
USR_075501,2
USR_075502,2
USR_075503,2
USR_075504,2
USR_075505,0
USR_075506,4
USR_075507,2
USR_075508,2
USR_075509,3
USR_075510,2
USR_075511,2
USR_075512,2
USR_075513,2
USR_075514,2
USR_075515,2
USR_075516,2
USR_075517,2
USR_075518,2
USR_075519,2
USR_075520,2
USR_075521,2
USR_075522,7
USR_075523,1
USR_075524,2
USR_075525,3
USR_075526,2
USR_075527,4
USR_075528,3
USR_075529,4
USR_075530,7
USR_075531,4
USR_075532,3
USR_075533,4
USR_075534,2
USR_075535,2
USR_075536,4
USR_075537,2
USR_075538,1
USR_075539,4
USR_075540,2
USR_075541,2
USR_075542,7
USR_075543,2
USR_075544,3
USR_075545,2
USR_075546,2
USR_075547,4
USR_075548,4
USR_075549,2
USR_075550,2
USR_075551,2
USR_075552,2
USR_075553,2
USR_075554,7
USR_075555,2
USR_075556,4
USR_075557,7
USR_075558,3
USR_075559,2
USR_075560,2
USR_075561,2
USR_075562,2
USR_075563,4
USR_075564,4
USR_075565,2
USR_075566,2
USR_075567,2
USR_075568,2
USR_075569,2
USR_075570,7
USR_075571,1
USR_075572,2
USR_075573,4
USR_075574,2
USR_075575,2
USR_075576,2
USR_075577,2
USR_075578,2
USR_075579,2
USR_075580,2
USR_075581,2
USR_075582,4
USR_075583,2
USR_075584,2
USR_075585,2
USR_075586,2
USR_075587,2
USR_075588,2
USR_075589,2
USR_075590,2
USR_075591,2
USR_075592,4
USR_075593,2
USR_075594,2
USR_075595,2
USR_075596,4
USR_075597,2
USR_075598,2
USR_075599,2
USR_075600,2
USR_075601,3
USR_075602,4
USR_075603,2
USR_075604,2
USR_075605,3
USR_075606,1
USR_075607,2
USR_075608,4
USR_075609,4
USR_075610,2
USR_075611,2
USR_075612,2
USR_075613,2
USR_075614,2
USR_075615,2
USR_075616,2
USR_075617,2
USR_075618,2
USR_075619,2
USR_075620,2
USR_075621,2
USR_075622,2
USR_075623,2
USR_075624,2
USR_075625,2
USR_075626,7
USR_075627,2
USR_075628,4
USR_075629,2
USR_075630,2
USR_075631,2
USR_075632,2
USR_075633,4
USR_075634,2
USR_075635,2
USR_075636,2
USR_075637,2
USR_075638,2
USR_075639,4
USR_075640,2
USR_075641,2
USR_075642,2
USR_075643,2
USR_075644,7
USR_075645,2
USR_075646,2
USR_075647,2
USR_075648,4
USR_075649,2
USR_075650,2
USR_075651,2
USR_075652,2
USR_075653,2
USR_075654,4
USR_075655,4
USR_075656,2
USR_075657,2
USR_075658,2
USR_075659,3
USR_075660,1
USR_075661,7
USR_075662,2
USR_075663,6
USR_075664,4
USR_075665,2
USR_075666,2
USR_075667,2
USR_075668,2
USR_075669,2
USR_075670,2
USR_075671,2
USR_075672,7
USR_075673,4
USR_075674,4
USR_075675,4
USR_075676,2
USR_075677,4
USR_075678,2
USR_075679,2
USR_075680,4
USR_075681,2
USR_075682,2
USR_075683,7
USR_075684,2
USR_075685,2
USR_075686,7
USR_075687,2
USR_075688,2
USR_075689,3
USR_075690,2
USR_075691,2
USR_075692,2
USR_075693,2
USR_075694,2
USR_075695,2
USR_075696,2
USR_075697,2
USR_075698,4
USR_075699,2
USR_075700,2
USR_075701,7
USR_075702,2
USR_075703,2
USR_075704,2
USR_075705,2
USR_075706,4
USR_075707,3
USR_075708,2
USR_075709,2
USR_075710,4
USR_075711,2
USR_075712,3
USR_075713,4
USR_075714,2
USR_075715,2
USR_075716,7
USR_075717,2
USR_075718,2
USR_075719,2
USR_075720,2
USR_075721,2
USR_075722,2
USR_075723,2
USR_075724,2
USR_075725,2
USR_075726,2
USR_075727,2
USR_075728,2
USR_075729,7
USR_075730,2
USR_075731,7
USR_075732,2
USR_075733,2
USR_075734,4
USR_075735,2
USR_075736,2
USR_075737,5
USR_075738,2
USR_075739,2
USR_075740,4
USR_075741,7
USR_075742,1
USR_075743,2
USR_075744,2
USR_075745,2
USR_075746,2
USR_075747,4
USR_075748,2
USR_075749,2
USR_075750,2
USR_075751,2
USR_075752,4
USR_075753,4
USR_075754,2
USR_075755,7
USR_075756,2
USR_075757,2
USR_075758,7
USR_075759,2
USR_075760,2
USR_075761,4
USR_075762,2
USR_075763,2
USR_075764,2
USR_075765,2
USR_075766,2
USR_075767,2
USR_075768,2
USR_075769,2
USR_075770,2
USR_075771,2
USR_075772,2
USR_075773,2
USR_075774,2
USR_075775,5
USR_075776,2
USR_075777,2
USR_075778,2
USR_075779,2
USR_075780,2
USR_075781,1
USR_075782,2
USR_075783,2
USR_075784,2
USR_075785,2
USR_075786,2
USR_075787,4
USR_075788,2
USR_075789,2
USR_075790,2
USR_075791,2
USR_075792,2
USR_075793,2
USR_075794,2
USR_075795,2
USR_075796,2
USR_075797,2
USR_075798,2
USR_075799,3
USR_075800,2
USR_075801,2
USR_075802,2
USR_075803,2
USR_075804,2
USR_075805,2
USR_075806,2
USR_075807,2
USR_075808,2
USR_075809,2
USR_075810,2
USR_075811,2
USR_075812,2
USR_075813,2
USR_075814,2
USR_075815,2
USR_075816,4
USR_075817,2
USR_075818,2
USR_075819,2
USR_075820,4
USR_075821,4
USR_075822,2
USR_075823,3
USR_075824,2
USR_075825,2
USR_075826,2
USR_075827,2
USR_075828,2
USR_075829,2
USR_075830,6
USR_075831,2
USR_075832,0
USR_075833,2
USR_075834,2
USR_075835,1
USR_075836,2
USR_075837,2
USR_075838,4
USR_075839,3
USR_075840,2
USR_075841,2
USR_075842,2
USR_075843,2
USR_075844,3
USR_075845,2
USR_075846,2
USR_075847,6
USR_075848,2
USR_075849,2
USR_075850,4
USR_075851,2
USR_075852,3
USR_075853,2
USR_075854,4
USR_075855,2
USR_075856,2
USR_075857,2
USR_075858,2
USR_075859,2
USR_075860,2
USR_075861,2
USR_075862,2
USR_075863,3
USR_075864,2
USR_075865,4
USR_075866,2
USR_075867,2
USR_075868,2
USR_075869,2
USR_075870,2
USR_075871,2
USR_075872,3
USR_075873,2
USR_075874,4
USR_075875,1
USR_075876,4
USR_075877,1
USR_075878,4
USR_075879,2
USR_075880,2
USR_075881,2
USR_075882,2
USR_075883,2
USR_075884,2
USR_075885,2
USR_075886,2
USR_075887,2
USR_075888,7
USR_075889,4
USR_075890,2
USR_075891,2
USR_075892,4
USR_075893,2
USR_075894,2
USR_075895,2
USR_075896,2
USR_075897,2
USR_075898,2
USR_075899,2
USR_075900,4
USR_075901,2
USR_075902,2
USR_075903,2
USR_075904,2
USR_075905,2
USR_075906,2
USR_075907,2
USR_075908,2
USR_075909,2
USR_075910,2
USR_075911,2
USR_075912,2
USR_075913,4
USR_075914,2
USR_075915,2
USR_075916,2
USR_075917,7
USR_075918,2
USR_075919,4
USR_075920,2
USR_075921,2
USR_075922,2
USR_075923,2
USR_075924,4
USR_075925,4
USR_075926,4
USR_075927,2
USR_075928,2
USR_075929,2
USR_075930,2
USR_075931,4
USR_075932,2
USR_075933,2
USR_075934,2
USR_075935,2
USR_075936,2
USR_075937,2
USR_075938,4
USR_075939,2
USR_075940,2
USR_075941,4
USR_075942,2
USR_075943,2
USR_075944,2
USR_075945,2
USR_075946,1
USR_075947,4
USR_075948,4
USR_075949,2
USR_075950,2
USR_075951,4
USR_075952,3
USR_075953,4
USR_075954,2
USR_075955,2
USR_075956,2
USR_075957,4
USR_075958,2
USR_075959,3
USR_075960,2
USR_075961,2
USR_075962,2
USR_075963,2
USR_075964,1
USR_075965,2
USR_075966,3
USR_075967,2
USR_075968,2
USR_075969,2
USR_075970,2
USR_075971,2
USR_075972,2
USR_075973,2
USR_075974,2
USR_075975,2
USR_075976,2
USR_075977,2
USR_075978,4
USR_075979,2
USR_075980,4
USR_075981,2
USR_075982,2
USR_075983,2
USR_075984,2
USR_075985,2
USR_075986,2
USR_075987,2
USR_075988,2
USR_075989,2
USR_075990,2
USR_075991,7
USR_075992,2
USR_075993,2
USR_075994,4
USR_075995,4
USR_075996,2
USR_075997,2
USR_075998,2
USR_075999,2
USR_076000,2
USR_076001,2
USR_076002,2
USR_076003,2
USR_076004,2
USR_076005,2
USR_076006,1
USR_076007,4
USR_076008,2
USR_076009,2
USR_076010,2
USR_076011,2
USR_076012,2
USR_076013,2
USR_076014,2
USR_076015,2
USR_076016,4
USR_076017,2
USR_076018,2
USR_076019,2
USR_076020,2
USR_076021,2
USR_076022,2
USR_076023,2
USR_076024,1
USR_076025,2
USR_076026,2
USR_076027,1
USR_076028,4
USR_076029,2
USR_076030,4
USR_076031,2
USR_076032,2
USR_076033,4
USR_076034,2
USR_076035,2
USR_076036,2
USR_076037,4
USR_076038,2
USR_076039,1
USR_076040,2
USR_076041,2
USR_076042,2
USR_076043,2
USR_076044,2
USR_076045,2
USR_076046,2
USR_076047,2
USR_076048,2
USR_076049,1
USR_076050,2
USR_076051,2
USR_076052,4
USR_076053,3
USR_076054,2
USR_076055,2
USR_076056,2
USR_076057,2
USR_076058,2
USR_076059,2
USR_076060,2
USR_076061,2
USR_076062,2
USR_076063,7
USR_076064,1
USR_076065,4
USR_076066,2
USR_076067,6
USR_076068,2
USR_076069,2
USR_076070,4
USR_076071,2
USR_076072,2
USR_076073,2
USR_076074,2
USR_076075,2
USR_076076,7
USR_076077,2
USR_076078,2
USR_076079,2
USR_076080,4
USR_076081,4
USR_076082,2
USR_076083,4
USR_076084,2
USR_076085,2
